砒霜	illegal
草拟妈的	illegal
六四	politics
六四事件	politics
1党	politics
专政	politics
中共	politics
中央	politics
主义	politics
主席	politics
亡党	politics
产党	politics
人大	politics
党国	politics
党棍	politics,illegal
党禁	politics
党章	politics
党退	politics
党鞭	politics
党魁	politics
共党	politics
共军	politics
军事	politics
军刀	politics,illegal
军刃	politics
军刺	politics
军区	politics
军品	politics
军妓	politics
军委	politics
军火	politics
军牌	politics
军狗	politics
军用	politics
军警	politics
军车	politics
军转	politics
军队	politics
军靴	politics
刘军	politics
反党	politics
叛党	politics
台军	politics
台独	politics
国军	politics
国家	politics
多党	politics
学潮	politics
宪政	politics
宪章	politics
张军	politics
总理	politics
恶党	politics
政f	politics
政付	politics
政俯	politics
政协	politics
政变	politics
政府	politics
政权	politics
政治	politics
政法	politics
政腐	politics
新党	politics
日军	politics,porn
暴乱	politics
暴政	politics
林军	politics
水军	politics
独立	politics
王政	politics
白军	politics
皇军	politics
脱党	politics
谭政	politics
退党	politics
邪党	politics
镇压	politics
陈军	politics
08宪	politics
3k党	politics
5毛党	politics
gc党	politics
x民党	politics
上中央	politics
不爱党	politics
严方军	politics
中共裁	politics
中共黑	politics
中央社	politics
主席像	politics
主席忏	politics
习主席	politics
习近平	politics
于幼军	politics
产党共	politics
亲民党	politics
令家党	politics
伪政府	politics
供铲党	politics
党中央	politics
党主席	politics
党产共	politics
党卫兵	politics
党后萎	politics
党妈妈	politics,porn
党文化	politics
党的官	politics
公产党	politics
公子党	politics
共c党	politics
共x党	politics
共产党	politics
共惨党	politics
共残党	politics
共贪党	politics
共铲党	politics
军事社	politics
军人证	politics,illegal
军刀网	politics,illegal
军品特	politics
军官证	politics,illegal
军械所	politics
军用品	politics
军用手	politics
军用枪	politics,illegal
军警靴	politics
军警鞋	politics
出售军	politics,illegal
刘志军	politics
刘成军	politics
刘粤军	politics
华主席	politics
去中央	politics
反对党	politics
反政府	politics
台湾党	politics
台独靠	politics
台联党	politics
同盟党	politics
周总理	politics
售军用	politics
喝党酒	politics
团中央	politics
国务院	politics
国家妓	politics
国民党	politics
太子党	politics
孙政才	politics
工产党	politics
建国党	politics
总书记	politics
愚民政	politics
折叠军	politics
挡中央	politics
政1府	politics
政府操	politics,porn
政治局	politics
政治犯	politics
政治类	politics
政论区	politics
无政府	politics
春军团	politics
曾宪梓	politics
朱总理	politics
李从军	politics
李总理	politics
档中央	politics
毛主席	politics
毛人大	politics
毛军妓	politics
毛军委	politics
毛刘军	politics
毛台独	politics
毛学潮	politics
毛新党	politics
毛独立	politics
毛退党	politics
民主党	politics
民政局	politics
民政部	politics
民进党	politics
江主席	politics
温总理	politics
灭中共	politics
王军涛	politics
王学军	politics
王宪魁	politics
王建军	politics
王新宪	politics
王立军	politics
社民党	politics
程铁军	politics
第3党	politics
罗志军	politics
联盟党	politics
胡中央	politics
胡主席	politics
胸主席	politics,porn
自民党	politics
蔡6军	politics
藏暴乱	politics
袁家军	politics
被中共	politics
裆中央	politics
解放军	politics
谢万军	politics
财政部	politics
赵宪庚	politics
迷魂党	politics
邮政局	politics
闹独立	politics
陈政高	politics
黑手党	politics
08宪章	politics
1党专制	politics
1党专政	politics
1党执政	politics
1党独裁	politics
1党私利	politics
1军两策	politics
3棱军刀	politics,illegal
3民主义	politics
4川独立	politics
64学潮	politics
6军部署	politics
7个军区	politics
7大军区	politics
89学潮	politics
89政治	politics
89暴乱	politics
mc军团	politics
上海独立	politics
专制政权	politics
专卖军刀	politics,illegal
东北独立	politics
东突独立	politics
个邪的党	politics
中共中央	politics
中共任用	politics
中共保命	politics
中共封网	politics
中共封锁	politics
中共帝国	politics
中共帮凶	politics
中共当局	politics
中共恐惧	politics
中共新疆	politics
中共权斗	politics
中共洗脑	politics
中共独裁	politics
中共腐败	politics
中共表演	politics
中共解体	politics
中共退党	politics
中共邪党	politics
中共黑帮	politics
中国政府	politics
中央zf	politics
中央军委	politics
中央十7	politics
中央团系	politics
中央政府	politics
中央文件	politics
中央日报	politics,porn
中央机关	politics
中央澄清	politics
中央资料	politics
中央领导	politics
中央黑幕	politics
主席画像	politics
习总书记	politics
买卖军刺	politics,illegal
买卖军枪	politics,illegal
买卖军狗	politics,illegal
买春军团	politics,illegal
事实独立	politics
亡党亡国	politics
人大代婊	politics
人大代表	politics
人大常委	politics
人民政腐	politics
供应军刀	politics,illegal
供应军刺	politics,illegal
假军官证	politics,illegal
做军人证	politics,illegal
做军官证	politics,illegal
党保平安	politics
党内危机	politics
党内权争	politics
党内权力	politics
党前干劲	politics,porn
党政人事	politics
党的喉舌	politics
党风日下	politics,porn
全国人大	politics
兰州军区	politics
共产主义	politics
共产党靠	politics
共慿主义	politics
共残主义	politics
军事地图	politics
军事标号	politics
军刀专卖	politics,illegal
军刀供应	politics,illegal
军刀出售	politics,illegal
军刀批发	politics,illegal
军刀提供	politics,illegal
军刀收购	politics,illegal
军刀直销	politics,illegal
军刀订购	politics,illegal
军刀销售	politics,illegal
军刺专卖	politics,illegal
军刺出售	politics,illegal
军刺批发	politics,illegal
军刺提供	politics
军刺枪刺	politics,illegal
军刺订购	politics
军刺购买	politics,illegal
军刺转让	politics,illegal
军刺销售	politics,illegal
军品刺刀	politics,illegal
军国主义	politics
军地佳缘	politics
军委主席	politics
军政名单	politics
军枪专卖	politics,illegal
军枪枪支	politics,illegal
军民冲突	politics
军火价格	politics
军用刺刀	politics,illegal
军用匕首	politics
军用手枪	politics,illegal
军用汽狗	politics
军警用品	politics
军车套牌	politics
军车进京	politics
军转安置	politics
军转干部	politics,porn
军道杀拳	politics
军长发威	politics
出售军刀	politics,illegal
出售军刺	politics,illegal
出售军狗	politics,illegal
分裂国家	politics
力骗中央	politics
办军官证	politics,illegal
北京军区	politics
北京政权	politics
北京独立	politics
卖党求荣	politics,illegal
卖军人证	politics,illegal
卖军官证	politics,illegal
卖地财政	politics,illegal
南京军区	politics
卡巴军刀	politics,illegal
台湾独立	politics
台独万岁	politics
台独分子	politics
右转是政	politics
名人大道	politics
向党挑衅	politics
售军人证	politics,illegal
售军官证	politics,illegal
国家主席	politics
国家信息	politics
国家分裂	politics
国家吞得	politics
国家安全	politics
国家总理	politics
国家机密	politics
国家民委	politics
国家软弱	politics
国民政府	politics
土匪政府	politics
复转军人	politics
多党执政	politics
天灭中共	politics
婬乱军团	politics
宪法法院	politics
家政服务	politics
左转是政	politics
帝国主义	politics
广州军区	politics
异型叛军	politics
强权政府	politics
形式主义	politics
影子政府	politics
恐怖主义	politics
戈博军刀	politics,illegal,gambling
成都军区	politics
我搞台独	politics
战术军刀	politics,illegal
战术军刺	politics
户外军刀	politics,illegal
批发军刀	politics,illegal
批发军刺	politics,illegal
批发军衔	politics,illegal
提供军刀	politics,illegal
提供军刺	politics
操财政部	politics,porn
政zhi	politics
政协车证	politics,illegal
政府文件	politics
政府无能	politics
政府软弱	politics
政治压迫	politics
政治封锁	politics
政治打击	politics
政治迫害	politics
政治避难	politics
政治阴谋	politics
政治风波	politics
政百度府	politics
新式军服	politics
新疆暴乱	politics
新疆独立	politics
无码真军	politics,porn
晕南暴乱	politics
武力镇压	politics
武装镇压	politics
毛严方军	politics
毛亲民党	politics
毛共产党	politics
毛反政府	politics
毛台湾党	politics
毛国务院	politics
毛国民党	politics
毛太子党	politics
毛毛主席	politics
毛民政部	politics
毛民进党	politics
毛江主席	politics
毛温总理	politics
毛胡主席	politics
毛邮政局	politics
毛黑手党	politics
民主党派	politics
民间修宪	politics
沈阳军区	politics
济南军区	politics
海军部署	politics
涉台政局	politics
淫乱军团	politics,porn
特别党费	politics
独立台湾	politics
独裁政治	politics
现在的党	politics
直销军刀	politics,illegal
直销军刺	politics,illegal
直销军衔	politics,illegal
社会主义	politics
空军会议	politics
空军部署	politics
精品军刺	politics
红鱼政权	politics
纪律检查	politics
老人政治	politics
联邦政府	politics
胡总书记	politics
胡派军委	politics
至国家高	politics
蒙古独立	politics
西藏独立	politics
解体中共	politics
订购军刀	politics,illegal
订购军刺	politics
财政是爹	politics
资本主义	politics
转是政府	politics
转让军刀	politics,illegal
转让军刺	politics,illegal
轮流执政	politics
进口军枪	politics,illegal
邪恶的党	politics
都进中央	politics
镇压学生	politics
香港独立	politics
高就在政	politics
高校暴乱	politics
黑人大屌	politics
18届中央	politics
27军军长	politics
38集团军	politics
3棱军刀网	politics,illegal
6空军地图	politics
7月军刀网	politics,illegal
9评共产党	politics
d80军刺	politics
gong党	politics
qq军刀网	politics,illegal
万人大签名	politics
专卖军用弩	politics,illegal
中共党文化	politics
中共的罪恶	politics
中共的血旗	politics
中共第5代	politics
中共第6代	politics
中共邪毒素	politics
中国人民党	politics
中国共产党	politics
中国共和党	politics
中国军刀网	politics,illegal
中国复兴党	politics
中国新民党	politics
中国梦想秀	politics
中国正义党	politics
中国民主党	politics
中国至宪党	politics
中央政治局	politics
中央电视台	politics
中央警卫团	politics
为党不为国	politics
主席李世民	politics
代办军官证	politics,illegal
仿品军刺网	politics
供应军人证	politics,illegal
供应军官证	politics,illegal
供应军用刀	politics,illegal
供应军警服	politics,illegal
做假军官证	politics,illegal
做军车套牌	politics
党内言事潮	politics
党在玩社会	politics
党就是咱妈	politics,porn
党政1把手	politics
党是反宇宙	politics
党的喉舌死	politics
入党申请书	politics
共1产1党	politics
共产党专制	politics
共产党烂逼	politics,porn
军事委员会	politics
军刀专卖网	politics,illegal
军刀军品网	politics,illegal
军刀批发网	politics,illegal
军刀直销网	politics,illegal
军刺军品网	politics
军刺批发网	politics,illegal
军品军刀网	politics,illegal
军品军刺网	politics
军官证出售	politics,illegal
军官证办理	politics,illegal
军官证样本	politics,illegal
军官证销售	politics,illegal
军用丛林刀	politics,illegal
军用小口径	politics
军用式汽狗	politics
军用弩qq	politics,illegal
军用弩专卖	politics,illegal
军用弩出售	politics,illegal
军用弩批发	politics,illegal
军用弩转让	politics,illegal
军用枪支买	politics,illegal
军用枪支卖	politics,illegal
军用枪支售	politics,illegal
军用潜水刀	politics,illegal
军用阻击弩	politics,illegal
军警服出售	politics,illegal
军警服直销	politics,illegal
军警服销售	politics,illegal
冠军娱乐城	politics,gambling
出售军官证	politics,illegal
出售军用弩	politics,illegal
出售军用枪	politics,illegal
出售军警服	politics,illegal
制十军刺卖	politics,illegal
办理军人证	politics,illegal
办理军官证	politics,illegal
勃朗宁军刀	politics,illegal
包围镇政府	politics
卖假军官证	politics,illegal
卖军车套牌	politics,illegal
南方军刀网	politics,illegal
反对共产党	politics
反社会主义	politics
反革命暴乱	politics
台湾共产党	politics
台湾政论区	politics
各类军用枪	politics,illegal
哪里买军刺	politics,illegal
哪里卖军刺	politics,illegal
唐山原政协	politics
售假军官证	politics,illegal
售军用手枪	politics,illegal
售军车套牌	politics
售精仿军刀	politics,illegal
国家已沉睡	politics
国家防火墙	politics
国家领导人	politics
国民党万岁	politics
威哉我汉军	politics
孙悟空入党	politics
廉政大论坛	politics
廓尔喀军刀	politics,illegal
我想问总理	politics
户外军刀网	politics,illegal
户外军品网	politics
所售无军号	politics
打倒共产党	politics
打到共产党	politics
批发军用刀	politics,illegal
批发军用弩	politics,illegal
找政府评理	politics
找政法委副	politics
持不同政见	politics
提供军人证	politics,illegal
提供军官证	politics,illegal
提供军警服	politics
政坛两黑马	politics
政府为可恶	politics
政府太无耻	politics
政府救楼市	politics
政治反对派	politics
政治局十7	politics
政治局十8	politics
政治局常委	politics
政策来捣鬼	politics
正义党论坛	politics
死区是党权	politics
毛1党专制	politics
毛3民主义	politics
毛4川独立	politics
毛主席复活	politics
毛人大代表	politics
毛全国人大	politics
毛共产主义	politics
毛军国主义	politics
毛军长发威	politics
毛卖党求荣	politics,illegal
毛台湾独立	politics
毛国家主席	politics
毛国家民委	politics
毛恐怖主义	politics
毛新疆独立	politics
毛社会主义	politics
毛蒙古独立	politics
毛西藏独立	politics
毛高校暴乱	politics
民主还专政	politics
江氏政治局	politics
法西藏主义	politics
消灭共产党	politics
热站政论网	politics
爱党胜过妈	politics,porn
独立台湾会	politics
王永生将军	politics
现在的政府	politics
痛批政法委	politics
直销军用刀	politics,illegal
直销军警服	politics,illegal
相助匿曰党	politics
第3道路党	politics
红色御林军	politics,porn
红鱼党害的	politics
网上问总理	politics
西点军刀网	politics,illegal
解放军镇压	politics
财政部绝密	politics
转让军用刀	politics,illegal
转让军用弩	politics,illegal
转让军警服	politics,illegal
辱骂周总理	politics
退出党团队	politics
退出共产党	politics
选国家主席	politics
野营军刀网	politics,illegal
销售军警服	politics,illegal
骗到党中央	politics
骗到国务院	politics
2手军弩转让	politics,illegal
3国极品军师	politics
3棱军刀专卖	politics,illegal
3棱军刀买卖	politics,illegal
3棱军刀供应	politics,illegal
3棱军刀批发	politics,illegal
3棱军刀提供	politics,illegal
3棱军刀直销	politics,illegal
3棱军刀订购	politics,illegal
3棱军刺专卖	politics,illegal
3棱军刺买卖	politics,illegal
3棱军刺供应	politics,illegal
3棱军刺批发	politics,illegal
3棱军刺直销	politics,illegal
3棱军刺转让	politics,illegal
3棱军刺销售	politics,illegal
56军刺专卖	politics,illegal
56军刺供应	politics,illegal
77军用出售	politics,illegal
81军刺专卖	politics,illegal
ak军刺订购	politics
d9军刺供应	politics,illegal
d9军刺军刀	politics,illegal
d9军刺出售	politics,illegal
fuck台独	politics
fuck新党	politics
fuck退党	politics
m9军刀专卖	politics,illegal
m9军刀批发	politics,illegal
qq买卖军刺	politics,illegal
qq供应军刀	politics,illegal
qq供应军刺	politics,illegal
qq军刀直销	politics,illegal
qq军刀订购	politics,illegal
qq军刺提供	politics,illegal
qq军刺购买	politics,illegal
qq军狗供应	politics,illegal
qq出售军刀	politics,illegal
qq出售军刺	politics,illegal
qq办军官证	politics,illegal
qq批发军刀	politics,illegal
qq批发军刺	politics,illegal
qq提供军刺	politics,illegal
qq直销军刺	politics,illegal
qq订购军刀	politics,illegal
qq订购军刺	politics,illegal
下届总理人选	politics
专卖3棱军刀	politics,illegal
专卖3棱军刺	politics,illegal
专卖仿真军刺	politics,illegal
专卖军刀qq	politics,illegal
专卖军品刀具	politics,illegal
专卖军用刺刀	politics,illegal
专卖军用匕首	politics,illegal
专卖军用弓弩	politics,illegal
专卖军警用品	politics,illegal
专卖高仿军刺	politics,illegal
丢解放军的脸	politics
丫就不会入党	politics
中共中共中央	politics
中共十8人事	politics
中共十8人选	politics
中共十8布局	politics
中共政治游戏	politics
中共权利斗争	politics
中共权力斗争	politics
中国政坛新星	politics
中国政治新星	politics
中国民主联军	politics
中国过渡政府	politics
中央派系斗争	politics
买卖3棱军刀	politics,illegal
买卖3棱军刺	politics,illegal
买卖军用刺刀	politics,illegal
买卖军用枪支	politics,illegal
买卖野营军刀	politics,illegal
买卖高仿军刺	politics,illegal
人大代表大会	politics
代办假军官证	politics,illegal
代办军人证件	politics,illegal
仿品军刺出售	politics,illegal
仿真军刺专卖	politics,illegal
仿真军刺出售	politics,illegal
仿真军刺批发	politics,illegal
仿真军刺提供	politics
仿真军刺直销	politics,illegal
仿真军刺转让	politics,illegal
仿真军刺销售	politics,illegal
仿真军用枪支	politics,illegal
供应3棱军刀	politics,illegal
供应3棱军刺	politics,illegal
供应d9军刺	politics,illegal
供应仿真军刀	politics,illegal
供应仿真军刺	politics,illegal
供应假军官证	politics,illegal
供应军刀qq	politics,illegal
供应军刺qq	politics,illegal
供应军刺军刀	politics,illegal
供应军用刺刀	politics,illegal
供应军用匕首	politics,illegal
供应军用手枪	politics,illegal
供应军警装备	politics,illegal
供应军车套牌	politics,illegal
供应户外军刀	politics,illegal
供应正品军刀	politics,illegal
供应现役军刀	politics,illegal
供应精品军刀	politics,illegal
供应美军枪刺	politics,illegal
供应美国军刀	politics,illegal
供应野营军刀	politics,illegal
供应高仿军刺	politics,illegal
做军官证样本	politics,illegal
党内内部资料	politics
党是为了欺骗	politics
党校安插亲信	politics,porn
全刃军刺出售	politics,illegal
兰博军刀出售	politics,illegal,gambling
兰博军刀批发	politics,illegal,gambling
兰博军刀转让	politics,illegal,gambling
共产党的报应	politics
共产党的末日	politics,porn
军事训练大纲	politics
军刀专卖qq	politics,illegal
军刀专卖军刺	politics,illegal
军刀专卖电话	politics,illegal
军刀买卖qq	politics,illegal
军刀供应qq	politics,illegal
军刀军刺甩棍	politics,illegal
军刀出售qq	politics,illegal
军刀匕首直销	politics,illegal
军刀图片砍刀	politics,illegal
军刀批发qq	politics,illegal
军刀批发商城	politics,illegal
军刀甩棍销售	politics,illegal
军刀电棍销售	politics,illegal
军刀直刀专卖	politics,illegal
军刀直销qq	politics,illegal
军刀订购qq	politics,illegal
军刀销售qq	politics,illegal
军刺专卖qq	politics,illegal
军刺出售qq	politics,illegal
军刺批发qq	politics,illegal
军刺订购qq	politics,illegal
军刺销售qq	politics,illegal
军品刀具专卖	politics,illegal
军品刀具供应	politics,illegal
军品刀具批发	politics,illegal
军品刺刀出售	politics,illegal
军品刺刀定购	politics,illegal
军品刺刀批发	politics,illegal
军品刺刀提供	politics,illegal
军品刺刀直销	politics,illegal
军品刺刀转让	politics,illegal
军品刺刀销售	politics,illegal
军品销售公司	politics,illegal
军官档案数据	politics
军工配件组装	politics,illegal
军民血腥冲突	politics
军用54专卖	politics,illegal
军用54出售	politics,illegal
军用54销售	politics,illegal
军用64专卖	politics,illegal
军用64提供	politics
军用77专卖	politics,illegal
军用77出售	politics,illegal
军用77销售	politics,illegal
军用刀具专卖	politics,illegal
军用刀具供应	politics,illegal
军用刀具出售	politics,illegal
军用刀具批发	politics,illegal
军用刺刀专卖	politics,illegal
军用刺刀买卖	politics,illegal
军用刺刀出售	politics,illegal
军用刺刀批发	politics,illegal
军用刺刀批售	politics,illegal
军用刺刀销售	politics,illegal
军用匕首qq	politics,illegal
军用匕首专卖	politics,illegal
军用匕首出售	politics,illegal
军用匕首批发	politics,illegal
军用匕首提供	politics
军用匕首转让	politics,illegal
军用匕首销售	politics,illegal
军用弓弩公司	politics,illegal
军用弓弩批发	politics,illegal
军用弓弩订购	politics,illegal
军用弓弩转让	politics,illegal
军用弩弓直销	politics,illegal
军用手枪qq	politics,illegal
军用手枪专卖	politics,illegal
军用手枪买卖	politics,illegal
军用手枪供应	politics,illegal
军用手枪出售	politics,illegal
军用手枪出货	politics,illegal
军用手枪到货	politics,illegal
军用手枪批发	politics,illegal
军用手枪提供	politics,illegal
军用手枪电话	politics,illegal
军用手枪订购	politics,illegal
军用手枪转让	politics,illegal
军用手枪销售	politics,illegal
军用手狗出售	politics,illegal
军用手狗转让	politics,illegal
军用折刀出售	politics,illegal
军用折刀销售	politics,illegal
军用枪专卖店	politics,illegal
军用枪支出售	politics,illegal
军用枪支提供	politics,illegal
军用枪支销售	politics,illegal
军用步枪出售	politics,illegal
军用步枪销售	politics,illegal
军用汽狗专卖	politics,illegal
军用砍刀专卖	politics,illegal
军用砍刀批发	politics,illegal
军用雷管出售	politics,illegal
军警用具批发	politics,illegal
军警用品专卖	politics,illegal
军队制服批发	politics,illegal
军队制服直销	politics,illegal
军需物质保管	politics
军需物资保管	politics
出售3棱军刀	politics,illegal
出售3棱军刺	politics,illegal
出售56军刺	politics,illegal
出售81军刺	politics,illegal
出售ak军刀	politics,illegal
出售ak军刺	politics,illegal
出售d9军刺	politics,illegal
出售仿真军刀	politics,illegal
出售仿真军刺	politics,illegal
出售军刀qq	politics,illegal
出售军刀军品	politics,illegal
出售军刺qq	politics,illegal
出售军刺军刀	politics,illegal
出售军品军刀	politics,illegal
出售军品刺刀	politics,illegal
出售军用匕首	politics,illegal
出售军用商品	politics,illegal
出售军用弓弩	politics,illegal
出售军用手枪	politics,illegal
出售军用手狗	politics,illegal
出售军用折刀	politics,illegal
出售军用枪械	politics,illegal
出售军用猎刀	politics,illegal
出售军用砍刀	politics,illegal
出售军警用品	politics,illegal
出售制式军刀	politics,illegal
出售开刃军刀	politics,illegal
出售战术军刀	politics,illegal
出售猛虎军刀	politics,illegal
出售现役军刀	politics,illegal
出售精仿军刃	politics,illegal
出售精品军刀	politics,illegal
出售虎牙军刀	politics,illegal
出售走私军火	politics,illegal
出售野营军刀	politics,illegal
出售高仿军刺	politics,illegal
刘志军罢免掉	politics
制作军用手枪	politics,illegal
制式军刀专卖	politics,illegal
办假军牌qq	politics,illegal
办假军警官证	politics,illegal
办理假军官证	politics,illegal
办理军牌qq	politics,illegal
办理军车套牌	politics
北方先锋军刀	politics,illegal
十8大政治局	politics
卖军官证样本	politics,illegal
卖刀网军刀网	politics,illegal
卡巴军刀出售	politics,illegal
反对共产主义	politics
取消户籍制度	politics
可要向党交心	politics
台湾应该独立	politics
台湾有权独立	politics
各类军用枪支	politics,illegal
售军官证样本	politics,illegal
团派政治明星	politics
国家主要部委	politics
国家公器蒙羞	politics
国家政府档案	politics
国家是1条狗	politics
国家民主基金	politics
圈套给周总理	politics
地方政府瞒报	politics
地方政府衭干	politics,porn
大马士革军刀	politics,illegal
如何推翻中共	politics
妈好象党中央	politics,porn
对共产党清算	politics
尼泊尔军刀卖	politics,illegal
开刃军刀订购	politics,illegal
当残奥会冠军	politics
怒了国家的法	politics
总理全家福照	politics
总理才提协调	politics
情色成人大全	politics,porn
战术军刀出售	politics,illegal
战术军刀提供	politics,illegal
战术军刀销售	politics,illegal
户外军刀qq	politics,illegal
户外军刀出售	politics,illegal
户外军刀批发	politics,illegal
户外军刀销售	politics,illegal
批发3棱军刀	politics,illegal
批发d9军刺	politics,illegal
批发仿真军刺	politics,illegal
批发兰博军刀	politics,illegal,gambling
批发军刺qq	politics,illegal
批发军用刺刀	politics,illegal
批发军用匕首	politics,illegal
批发军用弓弩	politics,illegal
批发军用手枪	politics,illegal
批发军用直刀	politics,illegal
批发军警用具	politics,illegal
批发正品军刀	politics,illegal
批发现役军刀	politics,illegal
批发精品军刀	politics,illegal
批发野营军刀	politics,illegal
批发阳江军刺	politics,illegal
批发高仿军刺	politics,illegal
批评政府帖子	politics
抗议中共当局	politics
捍卫党的纯洁	politics
提供3棱军刀	politics,illegal
提供仿真军刺	politics
提供假军官证	politics,illegal
提供兰博军刀	politics,illegal,gambling
提供军人证件	politics,illegal
提供军刀qq	politics,illegal
提供军刀军刺	politics,illegal
提供军刺qq	politics,illegal
提供军品刺刀	politics,illegal
提供军用刀具	politics,illegal
提供军用刺刀	politics,illegal
提供军用匕首	politics
提供军用弓弩	politics,illegal
提供军用手枪	politics,illegal
提供军车套牌	politics
提供军车牌照	politics
提供户外军刀	politics,illegal
提供正品军刺	politics
提供野营军刀	politics,illegal
提供高仿军刺	politics
支持台湾独立	politics
政党玩弄社会	politics
政坛明日之星	politics,porn
政委马群自恃	politics
政局雾里看花	politics
政府忽悠百姓	politics
政治协商会议	politics
教师致县政府	politics
无人性的政权	politics,porn
日本军刀专卖	politics,illegal,porn
歌星不能入党	politics
正品先锋军刀	politics,illegal
正品军刺出售	politics,illegal
正品军刺提供	politics
毛主席的嫡孙	politics
毛军事委员会	politics
毛台湾共产党	politics
毛国民党万岁	politics
毛独立台湾会	politics
民间监政组织	politics
江氏政治委员	politics
治军方针定调	politics
狗屁民族政策	politics
独立中文笔会	politics
猎刀军品专卖	politics,illegal
猎刀军品出售	politics,illegal
现在的共产党	politics
直销3棱军刀	politics,illegal
直销3棱军刺	politics,illegal
直销中国军刀	politics,illegal
直销仿真军刀	politics,illegal
直销军刀qq	politics,illegal
直销军品刺刀	politics,illegal
直销军用刺刀	politics,illegal
直销军用匕首	politics,illegal
直销军用弩弓	politics,illegal
直销军用手枪	politics,illegal
直销军用猎刀	politics,illegal
直销军警用品	politics,illegal
直销军队制服	politics,illegal
直销正品军刺	politics,illegal
直销高仿军刺	politics,illegal
社会主义灭亡	politics
第21集团军	politics
给总理支1招	politics
美国军刀出售	politics,illegal
群众包围政府	politics
自主择业军官	politics
苏军情况汇编	politics,porn
订购3棱军刀	politics,illegal
订购ak军刺	politics
订购仿真军刀	politics,illegal
订购全刃军刺	politics
订购军刀qq	politics,illegal
订购军刀军刺	politics,illegal
订购军用刺刀	politics,illegal
订购开刃军刀	politics,illegal
订购现役军刀	politics,illegal
订购高仿军刺	politics
费用就比军费	politics
转让2手军刀	politics,illegal
转让2手军弩	politics,illegal
转让3棱军刀	politics,illegal
转让3棱军刺	politics,illegal
转让ak军刺	politics,illegal
转让仿真军刺	politics,illegal
转让兰博军刀	politics,illegal,gambling
转让军品刺刀	politics,illegal
转让军用匕首	politics,illegal
转让军用手狗	politics,illegal
转让开刃军刀	politics,illegal
转让戈博军刀	politics,illegal,gambling
转让高仿军刺	politics,illegal
还是党的国家	politics
退5军人堵路	politics
送政府也不管	politics
野外军刀专卖	politics,illegal
野营军刀专卖	politics,illegal
野营军刀买卖	politics,illegal
野营军刀供应	politics,illegal
野营军刀出售	politics,illegal
野营军刀批发	politics,illegal
野营军刀提供	politics,illegal
野营军刀销售	politics,illegal
销售3棱军刀	politics,illegal
销售3棱军刺	politics,illegal
销售ak军刀	politics,illegal
销售d9军刺	politics,illegal
销售仿真军刀	politics,illegal
销售仿真军刺	politics,illegal
销售军刀qq	politics,illegal
销售军刀军刺	politics,illegal
销售军刺qq	politics,illegal
销售军用54	politics,illegal
销售军用刺刀	politics,illegal
销售军用弓弩	politics,illegal
销售军用手枪	politics,illegal
销售军用折刀	politics,illegal
销售军用猎刀	politics,illegal
销售军队制服	politics,illegal
销售战术军刀	politics,illegal
销售现役军刀	politics,illegal
销售美国军刀	politics,illegal
销售野营军刀	politics,illegal
销售高仿军刺	politics,illegal
阳江军刀批发	politics,illegal
阳江刀具军品	politics,illegal
颠覆中国政权	politics
颠覆国家政权	politics
高仿军刺买卖	politics,illegal
高仿军刺供应	politics,illegal
高仿军刺批发	politics,illegal
高仿军刺提供	politics
黑市军刀专卖	politics,illegal
2手军用弩出售	politics,illegal
3不反对执政党	politics
3利达弓弩军刀	politics,illegal
3棱军刺刀供应	politics,illegal
3棱军刺刀出售	politics,illegal
56式军刺qq	politics,illegal
56式军刺专卖	politics,illegal
56式军刺供应	politics,illegal
56式军刺出售	politics,illegal
56式军刺批发	politics,illegal
56式军刺提供	politics
56式军刺直销	politics,illegal
56式军刺订购	politics
56式军刺转让	politics,illegal
56式军刺销售	politics,illegal
56式军枪供应	politics,illegal
81式军刺批发	politics,illegal
89学潮大屠杀	politics
fuck台湾党	politics
fuck太子党	politics
fuck温总理	politics
qq专卖军用弩	politics,illegal
qq代办军官证	politics,illegal
qq供应军警服	politics,illegal
qq军刀专卖网	politics,illegal
qq军官证代办	politics,illegal
qq军官证出售	politics,illegal
qq军官证制作	politics,illegal
qq军官证办理	politics,illegal
qq出售军官证	politics,illegal
qq制作军官证	politics,illegal
qq办理军官证	politics,illegal
qq直销军用刀	politics,illegal
qq订购军官证	politics,illegal
qq销售军官证	politics,illegal
tibet独立	politics
上骟省委党中央	politics
专卖56式军刺	politics,illegal
专卖军用弹簧刀	politics,illegal
专卖军用潜水刀	politics,illegal
专卖军用狙击弩	politics,illegal
专卖尼泊尔军刀	politics,illegal
丛林军刀专卖网	politics,illegal
东突暴动和独立	politics
中共十8大前夕	politics
中共领导人黑幕	politics
中国人民志愿军	politics
中国人民解放军	politics
中国军刀出售网	politics,illegal
中国军用运输机	politics
中国社会进步党	politics
中央是谁的中央	politics
习近平治国新书	politics
代办军人证qq	politics,illegal
代办军官证qq	politics,illegal
代办高仿军官证	politics,illegal
供应56式军刺	politics,illegal
供应军官证qq	politics,illegal
供应军官证样本	politics,illegal
供应军用54式	politics,illegal
供应军用77式	politics,illegal
供应军用开山刀	politics,illegal
供应军用折叠刀	politics,illegal
供应军用折叠弩	politics,illegal
供应军警服qq	politics,illegal
供应尼泊尔军刀	politics,illegal
供应鹰飞凌军刀	politics,illegal
党和人民对立了	politics
党性污染者除外	politics,porn
党的宗旨成空谈	politics
共chang党	politics
共产主义的幽灵	politics
共产主义黑皮书	politics
军刀丛林刀专卖	politics,illegal
军刀丛林刀专售	politics,illegal
军刀丛林刀供应	politics,illegal
军刀匕首直销网	politics,illegal
军刀直刀军品网	politics,illegal
军刀网军刀专卖	politics,illegal
军品54式出售	politics,illegal
军品54式销售	politics,illegal
军品92式出售	politics,illegal
军官证出售qq	politics,illegal
军官证制作qq	politics,illegal
军官证办理qq	politics,illegal
军官证销售qq	politics,illegal
军用54式专卖	politics,illegal
军用92式出售	politics,illegal
军用刀具军品网	politics,illegal
军用十字弩直销	politics,illegal
军用开山刀专卖	politics,illegal
军用弓弩专卖店	politics,illegal
军用弓弩专卖网	politics,illegal
军用弩买卖qq	politics,illegal
军用弩销售qq	politics,illegal
军用弹簧刀供应	politics,illegal
军用弹簧刀直销	politics,illegal
军用弹簧刀销售	politics,illegal
军用手枪制造图	politics,illegal
军用手枪钢珠枪	politics,illegal
军用折叠刀供应	politics,illegal
军用折叠刀出售	politics,illegal
军用潜水刀专卖	politics,illegal
军用潜水刀批发	politics,illegal
军用狙击弩专卖	politics,illegal
军用狙击弩出售	politics,illegal
军用狙击弩直销	politics,illegal
军用狙击弩销售	politics,illegal
军用麻醉枪专卖	politics,illegal
军警服供应qq	politics,illegal
军警服出售qq	politics,illegal
军警服提供qq	politics,illegal
军警服直销qq	politics,illegal
军警服销售qq	politics,illegal
冲袋奶粉给党喝	politics,drugs,porn
冷钢刀具军品网	politics,illegal
出售54式军狗	politics,illegal
出售56式军刺	politics,illegal
出售63式军刺	politics,illegal
出售64式军狗	politics,illegal
出售77式军狗	politics,illegal
出售军人证qq	politics,illegal
出售军官证qq	politics,illegal
出售军用54式	politics,illegal
出售军用64式	politics,illegal
出售军用开山刀	politics,illegal
出售军用弩qq	politics,illegal
出售军用潜水刀	politics,illegal
出售军用狗54	politics,illegal
出售军用狙击弩	politics,illegal
出售军警服qq	politics,illegal
出售各类军用枪	politics,illegal
出售尼泊尔军刀	politics,illegal
出售开山刀军刺	politics,illegal
出售海军突击刀	politics,illegal
出售美军骑兵刀	politics,illegal
出售美军骑兵枪	politics,illegal
出售高仿军官证	politics,illegal
出售鹰飞凌军刀	politics,illegal
制作军官证qq	politics,illegal
制作高仿军官证	politics,illegal
办理军官证qq	politics,illegal
办理军官证样本	politics,illegal
办理高仿军官证	politics,illegal
勃朗宁军刀专卖	politics,illegal
勃朗宁军刀订购	politics,illegal
参观美军基地后	politics
反中共黑色暴力	politics,porn
台湾是主权国家	politics
各类军用枪出售	politics,illegal
国家总理诸葛亮	politics
国家道德的缺失	politics
大清邮政局被拆	politics
封堵省政府大门	politics
尼泊尔军刀qq	politics,illegal
尼泊尔军刀专卖	politics,illegal
尼泊尔军刀供应	politics,illegal
尼泊尔军刀出售	politics,illegal
尼泊尔军刀批发	politics,illegal
尼泊尔军刀提供	politics,illegal
尼泊尔军刀直销	politics,illegal
尼泊尔军刀订购	politics,illegal
尼泊尔军刀转让	politics,illegal
尼泊尔军刀销售	politics,illegal
市内出售军用枪	politics,illegal
帝国幼幼集团军	politics
当面交易军人证	politics,illegal
当面交易军官证	politics,illegal
总理夫人做生意	politics
总理夫人张培莉	politics
户外刀具军品网	politics,illegal
所谓的政府部门	politics
打倒中国共产党	politics
打劫得到的政府	politics
批发3棱军刺刀	politics,illegal
批发56式军刺	politics,illegal
批发军用弩qq	politics,illegal
批发军用弹簧刀	politics,illegal
批发军用折叠刀	politics,illegal
批发军用枪qq	politics,illegal
批发尼泊尔军刀	politics,illegal
批发廓尔喀军刀	politics,illegal
批发鹰飞凌军刀	politics,illegal
折刀砍刀军品网	politics,illegal
提供56式军刺	politics
提供军官证qq	politics,illegal
提供军官证样本	politics,illegal
提供军用54式	politics
提供军用77式	politics
提供军用枪qq	politics,illegal
提供军警服qq	politics,illegal
提供尼泊尔军刀	politics,illegal
提供正品军套枪	politics,illegal
政府也能设赌局	politics,gambling
政府签单给废了	politics
政治人祸的源头	politics
教会是被政府查	politics
无政府主义食谱	politics
无政府食谱资源	politics
日军对中国媎女	politics,porn
最绿的1届政府	politics
有军用枪支出售	politics,illegal
李1平中共新疆	politics
极端武力军品网	politics
正品军刀销售网	politics,illegal
毛国家主要部委	politics
没有就参军去吧	politics
海军突击刀专卖	politics,illegal
湾最不友善国家	politics
理直气壮正党风	politics
直销军官证qq	politics,illegal
直销军用毛瑟枪	politics,illegal
直销勃朗宁军刀	politics,illegal
直销尼泊尔军刀	politics,illegal
省政府大门集合	politics
纳粹军妓血泪史	politics
西点军品军刀网	politics,illegal
西藏国家民主党	politics
解放军静得可怕	politics
警用刀具军品网	politics,illegal
订购56式军刺	politics
订购勃朗宁军刀	politics,illegal
订购尼泊尔军刀	politics,illegal
订购鹰飞凌军刀	politics,illegal
贴能惊动党中央	politics
转让56式军刺	politics,illegal
转让军用54式	politics,illegal
转让军用77式	politics,illegal
转让军用99式	politics,illegal
转让军警服qq	politics,illegal
转让勃朗宁军刀	politics,illegal
转让尼泊尔军刀	politics,illegal
邮政局未批先拆	politics
郑州当政非秦桧	politics
野营军刀专卖网	politics,illegal
野营刀具军品网	politics,illegal
野营开山刀军刺	politics,illegal
销售56式军刺	politics,illegal
销售军官证qq	politics,illegal
销售军用54式	politics,illegal
销售军用64式	politics,illegal
销售军用狙击弩	politics,illegal
销售军用钢珠弩	politics,illegal
销售军警服qq	politics,illegal
销售勃朗宁军刀	politics,illegal
销售尼泊尔军刀	politics,illegal
销售高仿军官证	politics,illegal
防卫刀具军品网	politics,illegal
阳江军品军刀网	politics,illegal
阳江刀具军品网	politics,illegal
院校点招带军籍	politics
鹰飞凌军刀专卖	politics,illegal
麻醉枪猎枪军用	politics,illegal
04式第6代军牌	politics
3棱军刀qq供应	politics,illegal
3棱军刀专卖qq	politics,illegal
3棱军刀买卖qq	politics,illegal
3棱军刀供应qq	politics,illegal
3棱军刀批发qq	politics,illegal
3棱军刀提供qq	politics,illegal
3棱军刺专卖qq	politics,illegal
3棱军刺买卖qq	politics,illegal
3棱军刺供应qq	politics,illegal
3棱军刺出售qq	politics,illegal
3棱军刺批发qq	politics,illegal
3棱军刺直销qq	politics,illegal
3棱军刺销售qq	politics,illegal
77军用出售qq	politics,illegal
89学潮血腥屠杀	politics
fuck4川独立	politics
fuck台湾独立	politics
fuck新疆独立	politics
fuck社会主义	politics
fuck西藏独立	politics
qq3棱军刀直销	politics,illegal
qq3棱军刺专卖	politics,illegal
qq3棱军刺批发	politics,illegal
qq3棱军刺销售	politics,illegal
qq专卖3棱军刺	politics,illegal
qq专卖假军官证	politics,illegal
qq专卖军用匕首	politics,illegal
qq专卖军警用品	politics,illegal
qq专卖阳江军刺	politics,illegal
qq买卖3棱军刀	politics,illegal
qq代办假军官证	politics,illegal
qq供应3棱军刀	politics,illegal
qq供应军刺军刀	politics,illegal
qq供应军用弓弩	politics,illegal
qq供应军用手枪	politics,illegal
qq假军官证出售	politics,illegal
qq假军官证销售	politics,illegal
qq军品刺刀出售	politics,illegal
qq军狗64出售	politics,illegal
qq军用54专卖	politics,illegal
qq军用刺刀出售	politics,illegal
qq军用刺刀销售	politics,illegal
qq军用匕首出售	politics,illegal
qq军用匕首销售	politics,illegal
qq军用弓弩供应	politics,illegal
qq军用弓弩出售	politics,illegal
qq军用弓弩批发	politics,illegal
qq军用弓弩提供	politics,illegal
qq军用弓弩直销	politics,illegal
qq军用弓弩订购	politics,illegal
qq军用手枪出售	politics,illegal
qq军用猎刀专卖	politics,illegal
qq出售3棱军刺	politics,illegal
qq出售军品刺刀	politics,illegal
qq出售军用刺刀	politics,illegal
qq出售军用匕首	politics,illegal
qq出售军用弓弩	politics,illegal
qq出售开刃军刀	politics,illegal
qq出售战术军刀	politics,illegal
qq出售折叠军刺	politics,illegal
qq出售虎牙军刀	politics,illegal
qq制作假军官证	politics,illegal
qq批发3棱军刀	politics,illegal
qq批发兰博军刀	politics,illegal,gambling
qq提供军品刺刀	politics,illegal
qq提供军用弓弩	politics,illegal
qq直销3棱军刀	politics,illegal
qq直销军用匕首	politics,illegal
qq直销军用弓弩	politics,illegal
qq订购3棱军刀	politics,illegal
qq订购军用弓弩	politics,illegal
qq订购折叠军刺	politics,illegal
qq转让军用弓弩	politics,illegal
qq销售3棱军刀	politics,illegal
qq销售3棱军刺	politics,illegal
qq销售军品刺刀	politics,illegal
qq销售军用匕首	politics,illegal
qq销售战术军刀	politics,illegal
qq销售折叠军刺	politics,illegal
不满政府隐瞒疫情	politics,porn
专卖3棱军刀qq	politics,illegal
专卖3棱军刺qq	politics,illegal
专卖仿真军刺qq	politics,illegal
专卖假军官证qq	politics,illegal
专卖军品刀具qq	politics,illegal
专卖军品刺刀qq	politics,illegal
专卖军用刺刀qq	politics,illegal
专卖军用手枪qq	politics,illegal
专卖军用狙击弓弩	politics,illegal
专卖高仿军刺qq	politics,illegal
丛林户外军刀专卖	politics,illegal
中共十8人事变动	politics
中共十8热门人选	politics
中共的腐败与残暴	politics
中共近期权力斗争	politics
中国战神军用弓弩	politics,illegal
中国政坛明日之星	politics,porn
中国政府封锁消息	politics
中国民主党全委会	politics
中央警卫局大换血	politics
买卖3棱军刀qq	politics,illegal
买卖3棱军刺qq	politics,illegal
买卖仿真军刺qq	politics,illegal
买卖军用手枪qq	politics,illegal
买卖军用枪支qq	politics,illegal
买卖野营军刀qq	politics,illegal
买卖高仿军刺qq	politics,illegal
仿真军刺专卖qq	politics,illegal
仿真军刺买卖qq	politics,illegal
仿真军刺交易qq	politics,illegal
仿真军刺供应qq	politics,illegal
仿真军刺出售qq	politics,illegal
仿真军刺批发qq	politics,illegal
仿真军刺提供qq	politics,illegal
仿真军刺直销qq	politics,illegal
仿真军刺转让qq	politics,illegal
仿真军刺销售qq	politics,illegal
你哥在国家队踢球	politics
供应3棱军刀qq	politics,illegal
供应3棱军刺qq	politics,illegal
供应仿真军刺qq	politics,illegal
供应军人证件qq	politics,illegal
供应军刀军刺qq	politics,illegal
供应军用匕首qq	politics,illegal
供应军用弓弩qq	politics,illegal
供应军用弓弩专卖	politics,illegal
供应军用弩折叠弩	politics,illegal
供应军用手枪qq	politics,illegal
供应户外军刀qq	politics,illegal
供应正品军刀qq	politics,illegal
供应美国卡巴军刀	politics,illegal
供应高仿军刺qq	politics,illegal
党政干部十大特征	politics,porn
兰博3号军刀专卖	politics,illegal,gambling
兰博军刀专卖qq	politics,illegal,gambling
军事训练评定标准	politics
军刀专卖刀具批发	politics,illegal
军刀价格军用刀具	politics,illegal
军刺野营砍刀出售	politics,illegal
军品刀具批发qq	politics,illegal
军品刺刀专卖qq	politics,illegal
军品刺刀批发qq	politics,illegal
军用54货到付款	politics
军用64专卖qq	politics,illegal
军用64货到付款	politics
军用77专卖qq	politics,illegal
军用77出售qq	politics,illegal
军用77货到付款	politics
军用77销售qq	politics,illegal
军用刀具出售qq	politics,illegal
军用刀具销售qq	politics,illegal
军用刺刀专卖qq	politics,illegal
军用刺刀出售qq	politics,illegal
军用刺刀批发qq	politics,illegal
军用刺刀销售qq	politics,illegal
军用匕首供应qq	politics,illegal
军用匕首出售qq	politics,illegal
军用匕首批发qq	politics,illegal
军用匕首提供qq	politics,illegal
军用匕首销售qq	politics,illegal
军用弓弩供应qq	politics,illegal
军用弓弩出售qq	politics,illegal
军用弓弩批发qq	politics,illegal
军用弓弩提供qq	politics,illegal
军用弓弩直销qq	politics,illegal
军用弓弩订购qq	politics,illegal
军用弓弩转让qq	politics,illegal
军用手枪专卖qq	politics,illegal
军用手枪买卖qq	politics,illegal
军用手枪供应qq	politics,illegal
军用手枪出售qq	politics,illegal
军用手枪批发qq	politics,illegal
军用手枪提供qq	politics,illegal
军用手枪配件供应	politics,illegal
军用手枪配件出售	politics,illegal
军用手枪配件批发	politics,illegal
军用手枪配件订购	politics,illegal
军用手枪配件销售	politics,illegal
军用手枪销售qq	politics,illegal
军用手狗出售qq	politics,illegal
军用手狗转让qq	politics,illegal
军用手狗销售qq	politics,illegal
军用折刀出售qq	politics,illegal
军用折刀销售qq	politics,illegal
军用枪支出售qq	politics,illegal
军用枪支销售qq	politics,illegal
军用汽枪配件出售	politics,illegal
军用汽枪配件销售	politics,illegal
出售3棱军刀qq	politics,illegal
出售3棱军刺qq	politics,illegal
出售54军用手狗	politics,illegal
出售64军用手狗	politics,illegal
出售仿真日本军刀	politics,illegal,porn
出售兰博军刀qq	politics,illegal,gambling
出售军人证件qq	politics,illegal
出售军刀军刺qq	politics,illegal
出售军品刀具qq	politics,illegal
出售军品刺刀qq	politics,illegal
出售军用54手枪	politics,illegal
出售军用刺刀qq	politics,illegal
出售军用匕首qq	politics,illegal
出售军用弓弩qq	politics,illegal
出售军用折刀qq	politics,illegal
出售军用狙击弓弩	politics,illegal
出售各国军用手枪	politics,illegal
出售各国军用步枪	politics,illegal
出售国产军用手枪	politics,illegal
出售大马士革军刀	politics,illegal
出售户外军刀qq	politics,illegal
出售提供军用l枪	politics,illegal
出售精仿3棱军刺	politics,illegal
出售美军现役军刀	politics,illegal
出售美国m7军刺	politics,illegal
出售美国冷钢军刀	politics,illegal
出售美国卡巴军刀	politics,illegal
出售美国巴克军刀	politics,illegal
出售高仿军刺qq	politics,illegal
出售高仿军用枪支	politics,illegal
制作假军官证qq	politics,illegal
办理假军官证qq	politics,illegal
办理军人证件qq	politics,illegal
办理军官证警察证	politics,illegal
北京政坛清华名人	politics
台湾青年独立联盟	politics
哥哥在国家队踢球	politics
国产军用54手枪	politics,illegal
国家正规期刊征稿	politics
国家禁毒署林则徐	politics
国家粮油统计报表	politics
国家英语4级试题	politics
国家英语6级试题	politics
届中央政治局委员	politics
强烈抗议中共当局	politics
当面交易假军官证	politics,illegal
当面交易军车套牌	politics
德国博克军刀专卖	politics,illegal,gambling
总理快步走进会场	politics
您真是党的好同志	politics
戈博军刀专卖qq	politics,illegal,gambling
战术军刀出售qq	politics,illegal
战术军刀提供qq	politics,illegal
战术军刀销售qq	politics,illegal
户外军刀批发qq	politics,illegal
户外军刀销售qq	politics,illegal
批发3棱军刀qq	politics,illegal
批发仿真军刺qq	politics,illegal
批发军用刺刀qq	politics,illegal
批发军用匕首qq	politics,illegal
批发军用手枪qq	politics,illegal
批发各种军用子弹	politics,illegal
批发精仿3棱军刺	politics,illegal
批发精仿56军刺	politics,illegal
批发精仿野营军刀	politics,illegal
批发美国卡巴军刀	politics,illegal
批发野营军刀qq	politics,illegal
批发高仿军刺qq	politics,illegal
折叠军刺供应qq	politics,illegal
折叠军刺出售qq	politics,illegal
折叠军刺销售qq	politics,illegal
推翻社会主义制度	politics
提供3棱军刀qq	politics,illegal
提供3棱军刺qq	politics,illegal
提供仿真军刺qq	politics,illegal
提供军人证件qq	politics,illegal
提供军品刺刀qq	politics,illegal
提供军用刺刀qq	politics,illegal
提供军用匕首qq	politics,illegal
提供军用弓弩qq	politics,illegal
提供军用手枪qq	politics,illegal
提供军用枪支qq	politics,illegal
提供户外军刀qq	politics,illegal
提供正品军刺qq	politics,illegal
提供美国卡巴军刀	politics,illegal
提供高仿军刺qq	politics,illegal
摧毁日本6海空军	politics,porn
政府不欠你们的钱	politics,illegal
政府说为人民服务	politics
无政府主义者食谱	politics
正品m9军刀专卖	politics,illegal
正品军刀户外刀具	politics,illegal
毛东突暴动和独立	politics
毛伟人主政41年	politics
毛着力于夺取政权	politics
直销3棱军刺qq	politics,illegal
直销军品刺刀qq	politics,illegal
直销军用刺刀qq	politics,illegal
直销军用匕首qq	politics,illegal
直销军用弓弩qq	politics,illegal
直销军用手枪qq	politics,illegal
直销军用猎刀qq	politics,illegal
直销美国卡巴军刀	politics,illegal
第5代中共领导人	politics
网址情色成人大全	politics,porn
美军现役军刺批发	politics,illegal
美国军用进口弓弩	politics,illegal
美国冷钢军刀专卖	politics,illegal
美国卡巴军刀专卖	politics,illegal
美国巴克军刀专卖	politics,illegal
胡温怒批政法系统	politics
自制军用手枪出售	politics,illegal
解放军306医院	politics
订购军用弓弩qq	politics,illegal
订购军用狙击弓弩	politics,illegal
订购美国卡巴军刀	politics,illegal
订购黑版3棱军刺	politics
踏莎行3军战震魔	politics
转让2手军刀qq	politics,illegal
转让3棱军刀qq	politics,illegal
转让军用匕首qq	politics,illegal
转让军用弓弩qq	politics,illegal
转让高仿军刺qq	politics,illegal
进口3棱军刺专卖	politics,illegal
违背国家安置政策	politics
退5军人安置问题	politics
野外军刀专卖qq	politics,illegal
野营军刀买卖qq	politics,illegal
野营军刀供应qq	politics,illegal
野营军刀出售qq	politics,illegal
野营军刀提供qq	politics,illegal
野营军刀销售qq	politics,illegal
野营军刀销售电话	politics,illegal
野营砍刀户外军刀	politics,illegal
销售3棱军刀qq	politics,illegal
销售3棱军刺qq	politics,illegal
销售54军用手狗	politics,illegal
销售64军用手狗	politics,illegal
销售仿真军刺qq	politics,illegal
销售兰博军刀qq	politics,illegal,gambling
销售军刀军刺qq	politics,illegal
销售军品刀具qq	politics,illegal
销售军品刺刀qq	politics,illegal
销售军用54qq	politics,illegal
销售军用54手枪	politics,illegal
销售军用刺刀qq	politics,illegal
销售军用匕首qq	politics,illegal
销售军用弩折叠弩	politics,illegal
销售军用手枪qq	politics,illegal
销售军用狙击弓弩	politics,illegal
销售国产军用手枪	politics,illegal
销售户外军刀qq	politics,illegal
销售正品军刀qq	politics,illegal
销售野营军刀qq	politics,illegal
销售高仿军刺qq	politics,illegal
销售黑版3棱军刺	politics,illegal
防卫著名军刀出售	politics,illegal
阳江军刀批发qq	politics,illegal
高仿军刺买卖qq	politics,illegal
高仿军刺供应qq	politics,illegal
高仿军刺批发qq	politics,illegal
高仿军刺提供qq	politics,illegal
27军长砸洗浴中心	politics
56式军刺专卖qq	politics,illegal
56式军刺供应qq	politics,illegal
56式军刺出售qq	politics,illegal
56式军刺批发qq	politics,illegal
56式军刺提供qq	politics,illegal
56式军刺直销qq	politics,illegal
56式军刺转让qq	politics,illegal
56式军刺销售qq	politics,illegal
92式军用手枪出售	politics,illegal
fuck台湾共产党	politics
m9d80军刀专卖	politics,illegal
qq专卖军用54式	politics,illegal
qq专卖尼泊尔军刀	politics,illegal
qq专卖高仿军官证	politics,illegal
qq丛林军刀专卖网	politics,illegal
qq中国军刀出售网	politics,illegal
qq代办高仿军官证	politics,illegal
qq供应军用54式	politics,illegal
qq供应尼泊尔军刀	politics,illegal
qq军用54式销售	politics,illegal
qq军用64式销售	politics,illegal
qq军用狙击弩出售	politics,illegal
qq军用狙击弩销售	politics,illegal
qq出售54式军狗	politics,illegal
qq出售64式军狗	politics,illegal
qq出售77式军狗	politics,illegal
qq出售军用54式	politics,illegal
qq出售军用64式	politics,illegal
qq出售勃朗宁军刀	politics,illegal
qq出售高仿军官证	politics,illegal
qq制作高仿军官证	politics,illegal
qq尼泊尔军刀专卖	politics,illegal
qq尼泊尔军刀批发	politics,illegal
qq批发尼泊尔军刀	politics,illegal
qq提供尼泊尔军刀	politics,illegal
qq提供高仿军官证	politics,illegal
qq提供鹰飞凌军刀	politics,illegal
qq正品军刀销售网	politics,illegal
qq订购56式军刺	politics,illegal
qq诚信办证军官证	politics,illegal
qq销售军用54式	politics,illegal
qq销售勃朗宁军刀	politics,illegal
qq销售高仿军官证	politics,illegal
qq高仿军官证代办	politics,illegal
qq高仿军官证制作	politics,illegal
qq高仿军官证办理	politics,illegal
不能耽误了党的工作	politics
专卖56式军刺qq	politics,illegal
专卖尼泊尔军刀qq	politics,illegal
中共十8大热门人选	politics
中华人民共和国主席	politics
中国教育宪章1百条	politics
中国民主党联合总部	politics
中石油国家电网倒数	politics
代办高仿军官证qq	politics,illegal
以色列大卫军刀批发	politics,illegal,porn
供应56式军刺qq	politics,illegal
供应军用折叠弩qq	politics,illegal
供应各式军用枪qq	politics,illegal
供应尼泊尔军刀qq	politics,illegal
儿届中央政治局委员	politics
先吃后爱将军恶如狼	politics
军刀丛林刀专卖qq	politics,illegal
军品54式手枪出售	politics,illegal
军品64式手枪出售	politics,illegal
军品92式手枪出售	politics,illegal
军用54式销售qq	politics,illegal
军用64式专卖qq	politics,illegal
军用64式销售qq	politics,illegal
军用刀具专卖网qq	politics,illegal
军用开山刀批发qq	politics,illegal
军用弹簧刀出售qq	politics,illegal
军用弹簧刀销售qq	politics,illegal
军用狙击弩出售qq	politics,illegal
军用狙击弩销售qq	politics,illegal
几届中央政治局委员	politics
出售军品77式手枪	politics,illegal
出售军用54式qq	politics,illegal
出售军用5连发手枪	politics,illegal
出售军用64式qq	politics,illegal
出售军用92式手枪	politics,illegal
出售军用制式92式	politics,illegal
出售军用钢珠弩qq	politics,illegal
出售勃朗宁军刀qq	politics,illegal
出售美国sog军刀	politics,illegal
出售西班牙奥托军刀	politics,illegal
出售解放军现役军刀	politics,illegal
出售高仿军官证qq	politics,illegal
制作高仿军官证qq	politics,illegal
办理高仿军官证qq	politics,illegal
勃朗宁军刀专卖qq	politics,illegal
取消中国国家足球队	politics
宋秀岩已获中央任命	politics
尼泊尔军刀专卖qq	politics,illegal
尼泊尔军刀专卖电话	politics,illegal
尼泊尔军刀代购qq	politics,illegal
尼泊尔军刀供应qq	politics,illegal
尼泊尔军刀出售qq	politics,illegal
尼泊尔军刀批发qq	politics,illegal
尼泊尔军刀提供qq	politics,illegal
尼泊尔军刀真刀专卖	politics,illegal
尼泊尔军刀订购qq	politics,illegal
尼泊尔军刀转让qq	politics,illegal
尼泊尔军刀销售qq	politics,illegal
屁事都要认证的制度	politics,illegal
干部制度的莫大讽刺	politics,porn
当面交易军官证样本	politics,illegal
户口管制制度的弊端	politics
批发56式军刺qq	politics,illegal
批发尼泊尔军刀qq	politics,illegal
批发尼泊尔军刀电话	politics,illegal
批发精仿军用潜水刀	politics,illegal
批发精仿尼泊尔军刀	politics,illegal
批发精仿鹰飞凌军刀	politics,illegal
捍卫社会主义共和国	politics
提供56式军刺qq	politics,illegal
提供尼泊尔军刀qq	politics,illegal
提供尼泊尔军刀电话	politics,illegal
提供鹰飞凌军刀qq	politics,illegal
政府信用的彻底丧失	politics
政府和地产商的合谋	politics
政府和官员就是驴子	politics
政治局委员增加1倍	politics
无政府主义者的食谱	politics
无政府主义食谱bt	politics,porn
无政府主义食谱下载	politics,porn
无政府主义食谱种子	politics,porn
无政府主义食谱资源	politics
无政府食谱资源下裁	politics
毛届中央政治局委员	politics
网络证件qq军官证	politics,illegal
美军现役军刀d80	politics,illegal
美国sog军刀专卖	politics,illegal
自译无政府主义食谱	politics
英雄无敌之美女军团	politics,porn
莆田市政府侵吞涉案	politics
菲律宾博弈行政人员	politics,gambling
西班牙奥托军刀专卖	politics,illegal
解放军现役军刀专卖	politics,illegal
订购尼泊尔军刀qq	politics,illegal
订购尼泊尔军刀电话	politics,illegal
销售56式军刺qq	politics,illegal
销售军用92式手枪	politics,illegal
销售军用钢珠弩qq	politics,illegal
销售军用雷鸣登qq	politics,illegal
锺绍军带进了中南海	politics
高仿军官证办理qq	politics,illegal
34个政府和部门祝贺	politics
qq出售军用狙击弓弩	politics,illegal
qq出售大马士革军刀	politics,illegal
qq批发军用手枪配件	politics,illegal
qq提供美国卡巴军刀	politics,illegal
qq订购军用狙击弓弩	politics,illegal
下载无政府主义者手册	politics,porn
下载无政府主义者食谱	politics,porn
专卖美国进口军用弓弩	politics,illegal
中共3大势力谁来执政	politics
中共十8大的基层选举	politics
中国改革年代政治斗争	politics
中文无政府主义者食谱	politics
为黄牛党倒票维持秩序	politics
习会成为末代总书记吗	politics
军用手枪货到付款qq	politics,illegal
军用手枪配件供应qq	politics,illegal
军用手枪配件销售qq	politics,illegal
出售全国政府官员数据	politics,illegal
出售军用制式92式枪	politics,illegal
出售军用手qiang	politics,illegal
出售军用汽枪配件qq	politics,illegal
出售国产军用54手枪	politics,illegal
出售大马士革军刀qq	politics,illegal
出售无政府主义者食谱	politics,illegal
制度与文化的百年进化	politics
城乡统1户口登记制度	politics
批发精仿兰博3号军刀	politics,illegal,gambling
批发精仿美国m7军刺	politics,illegal
批发精仿美国巴克军刀	politics,illegal
推翻专制独裁的共产党	politics
提供美国卡巴军刀qq	politics,illegal
政府亲商护商还是在毁	politics
政治字眼如两岸关系等	politics
无政府主义者手册下载	politics,porn
无政府主义者食谱下载	politics,porn
无政府主义者食谱翻译	politics
无政府主义者食谱资料	politics
无政府主义食谱中文版	politics
无政府主义食谱翻译版	politics
毛几届中央政治局委员	politics
江都财政局1窝钱耗子	politics,illegal
熟女家政妇山本ちづこ	politics,porn
空nlz空军直属单位	politics
统1城乡户口登记制度	politics
翻译无政府主义者手册	politics
翻译无政府主义者烹饪	politics
翻译无政府主义者食谱	politics
这个党的领袖钦命开除	politics
进口3棱军刺专卖qq	politics,illegal
销售军用汽枪配件qq	politics,illegal
颠覆中华人民共和国政	politics
qq出售军用92式手枪	politics,illegal
中共中央中华人民共和国	politics
中共反腐风暴大背景揭秘	politics
中共派系力量再达成妥协	politics
中国政坛清华帮盛极而衰	politics
中文版无政府主义者食谱	politics
代表团以省长陈政高为首	politics
公开批评中央高层领导人	politics
出售军用92式手枪qq	politics,illegal
我上海帅哥政府机关工作	politics
我是来自美国6军的士兵	politics
提供12年政法考试答案	politics,illegal
无政府主义者食谱pdf	politics
无政府主义者食谱中文版	politics
无政府主义者食谱双语版	politics
无政府主义者食谱电子书	politics
无政府主义者食谱电子版	politics
无政府主义者食谱英文版	politics
无政府主义食谱资源下裁	politics
树亲民形象不如推动政改	politics
纳粹疯淫史2之间谍军妓	politics,porn
联邦作为制度博弈的工具	politics,gambling
踏莎行3军战震魔txt	politics
销售军用92式手枪qq	politics,illegal
下载中文无政府主义者食谱	politics,porn
下载无政府主义者烹饪手册	politics,porn
下载无政府主义者食谱资料	politics,porn
中国政坛新星中的4大天王	politics
免费下载无政府主义者食谱	politics,porn
出售无政府主义者食谱qq	politics,illegal
戈博gerber军刀专卖	politics,illegal,gambling
无政府主义者烹饪手册下载	politics,porn
无政府主义者食谱中文下载	politics,porn
无政府主义者食谱内容翻译	politics
无政府主义者食谱电子手册	politics
无政府主义者食谱英文下载	politics,porn
无政府主义者食谱资料下载	politics,porn
无政府主义食谱pdf下载	politics,porn
无政府主义食谱rar下载	politics,porn
无政府主义食谱txt下载	politics,porn
权威主义国家的合法性理论	politics,porn
翻译无政府主义者烹饪手册	politics
翻译无政府主义者食谱内容	politics
英雄无敌之美女军团txt	politics,porn
2008年邮政工资调整套改	politics
下载无政府主义者食谱pdf	politics,porn
下载无政府主义者食谱中文版	politics,porn
下载无政府主义者食谱电子书	politics,porn
下载无政府主义者食谱电子版	politics,porn
中国国家领导人子女任职名单	politics,porn
中国在统1问题上的投降主义	politics
中文版无政府主义者烹饪手册	politics
从陈良宇倒台看中国政局走势	politics
出售军品77式手qiang	politics,illegal
出售无政府主义者食谱电子版	politics,illegal
告中国人民解放军广大官兵书	politics
无政府主义者手册doc下载	politics,porn
无政府主义者手册pdf下载	politics,porn
无政府主义者手册txt下载	politics,porn
无政府主义者手册翻译版下载	politics,porn
无政府主义者烹饪手册中文版	politics
无政府主义者烹饪手册电子版	politics
无政府主义者的烹饪食谱下载	politics,porn
无政府主义者食谱doc下载	politics,porn
无政府主义者食谱pdf下载	politics,porn
无政府主义者食谱电子书下载	politics,porn
自愿想退出少先队员团员党员	politics
蒙元和满清是中国的敌对政权	politics
无政府主义者的烹饪食谱中文版	politics
无政府主义者的烹饪食谱英文版	politics
无政府主义者食谱电子书txt	politics
责令百姓向政府申报收入并缴税	politics
随意违反国家规定提拔任用干部	politics,porn
对中共的姑息就是对死难者的残忍	politics
无政府主义者烹饪手册doc下载	politics,porn
无政府主义者烹饪手册pdf下载	politics,porn
无政府主义者烹饪手册rar下载	politics,porn
无政府主义者烹饪手册txt下载	politics,porn
漠视生命自私到了极点的中共政权	politics
首度披露我军令敌胆寒的4大神兵	politics
免费淫电影吴宗宪搞笑语录18禁看	politics,porn
免费淫电影吴宗宪搞笑语录19禁看	politics,porn
免费淫电影吴宗宪搞笑语录20禁看	politics,porn
免费淫电影吴宗宪搞笑语录21禁看	politics,porn
免费淫电影吴宗宪搞笑语录22禁看	politics,porn
免费淫电影吴宗宪搞笑语录23禁看	politics,porn
免费淫电影吴宗宪搞笑语录24禁看	politics,porn
免费淫电影吴宗宪搞笑语录25禁看	politics,porn
免费淫电影吴宗宪搞笑语录26禁看	politics,porn
免费淫电影吴宗宪搞笑语录27禁看	politics,porn
免费淫电影吴宗宪搞笑语录28禁看	politics,porn
关于对敌斗争中有关政政策界限汇编	politics
瑞典fallkniven军刀专卖	politics,illegal
蒋匪军6军部队师以上主官情况调查	politics,porn
金利军和锡林郭我向你们的良知呼唤	politics
中共十8大前夕人事布局出手既稳又重	politics
传中共中央关于18大的人事安排意见	politics
本站是国家合法电影网请您用手机注册	politics,porn
中央召开北戴河会议决定十8大高层人事	politics
玫琳凯泄密资料之政府公关机密记录档案	politics
中共高层变动王兆国将任常委或取代贾庆龄	politics
q币	illegal
专卖	illegal
买币	illegal
买房	illegal
买断	illegal
买春	illegal
买枪	illegal
买肝	illegal
买肾	illegal
人弹	illegal
伪币	illegal
供应	illegal
假币	illegal
假证	illegal
假钱	illegal
公证	illegal
出卖	illegal
出售	illegal
刀具	illegal
刀剑	illegal
刀霸	illegal
刮刀	illegal
刷钱	illegal
刺刀	illegal
办证	illegal
卖b	illegal
卖卡	illegal
卖号	illegal
卖国	illegal
卖处	illegal
卖娃	illegal
卖币	illegal
卖房	illegal
卖春	illegal
卖枪	illegal
卖比	illegal
卖淫	illegal,porn
卖精	illegal
卖肝	illegal
卖肾	illegal
卖胆	illegal
卖药	illegal,drugs
卖血	illegal
卖身	illegal
卖车	illegal
卖逼	illegal,porn
卖骚	illegal
台币	illegal
名刀	illegal
唐刀	illegal
售枪	illegal
土枪	illegal
型弩	illegal
子弹	illegal
导弹	illegal
左棍	illegal
弓努	illegal
弓单	illegal
弓弩	illegal
弓箭	illegal
弓虽	illegal
弓驽	illegal
弩机	illegal
弩枪	illegal
弩箭	illegal
弹劾	illegal
弹头	illegal
弹夹	illegal
弹弓	illegal
弹种	illegal
弹药	illegal,drugs
战刀	illegal
手弩	illegal
手枪	illegal
批发	illegal
折刀	illegal
拍卖	illegal
拐卖	illegal
挣钱	illegal
散弹	illegal
机枪	illegal
枪刺	illegal
枪手	illegal
枪支	illegal
枪械	illegal
枪模	illegal
枪毙	illegal
枪淫	illegal,porn
枪猎	illegal
枪琯	illegal
枪管	illegal
枪箱	illegal
枪袋	illegal
核弹	illegal
步枪	illegal
气枪	illegal
氢弹	illegal
汽枪	illegal
洗钱	illegal
淘刀	illegal
淫棍	illegal,porn
炮弹	illegal
炸弹	illegal
点棍	illegal
爪刀	illegal
爱刀	illegal
猎刀	illegal
猎弹	illegal
猎枪	illegal
甩刀	illegal
甩棍	illegal
电棍	illegal
直刀	illegal
直销	illegal
真币	illegal
真枪	illegal
真钱	illegal
砍刀	illegal
硬币	illegal
签证	illegal
纸币	illegal
肉弹	illegal,porn
肉棍	illegal,porn
脏弹	illegal
苗刀	illegal
藏刀	illegal
警棍	illegal
证书	illegal
证件	illegal
证券	illegal
证务	illegal
证历	illegal
赚钱	illegal
跳刀	illegal
转让	illegal
金弓	illegal
钱达	illegal
铅弹	illegal
销售	illegal
长刀	illegal
防弹	illegal
霰弹	illegal
风枪	illegal
马刀	illegal
驽弓	illegal
骚棍	illegal
魔币	illegal
3棱刀	illegal
46级	illegal
4级证	illegal
64枪	illegal
6级证	illegal
77枪	illegal
92枪	illegal
bb弹	illegal
bb枪	illegal
qq堂	illegal
qq群	illegal
专卖弩	illegal
专卖枪	illegal
专用弩	illegal
丛林刀	illegal
买买提	illegal
买假币	illegal
买假钞	illegal
买冰毒	illegal,drugs
买到枪	illegal
买发票	illegal
买小孩	illegal
买小车	illegal
买春堂	illegal
买月卡	illegal
买猎枪	illegal
买真枪	illegal
买砒霜	illegal
买答案	illegal
买肾源	illegal
买藏刀	illegal
买财富	illegal
买迈肾	illegal
买铊盐	illegal
买驾照	illegal
人品币	illegal
人民币	illegal
人真钱	illegal
仿真枪	illegal
仿真证	illegal
会计证	illegal
伞兵刀	illegal
供应敌	illegal
供应铊	illegal
侦查证	illegal
信号弹	illegal
信号枪	illegal
假硬币	illegal
假证件	illegal
做炸弹	illegal
做证件	illegal
催泪弹	illegal
全真证	illegal
全钢刀	illegal
公证处	illegal
兰博刀	illegal,gambling
冲锋枪	illegal
出售弩	illegal
出售肾	illegal
刀ol	illegal
刀努网	illegal
刀林荫	illegal
制手枪	illegal
刷q币	illegal
办假证	illegal
办理证	illegal
办证网	illegal
加弹器	illegal
半刺刀	illegal
卖id	illegal
卖k粉	illegal,drugs
卖qq	illegal
卖假币	illegal
卖公文	illegal
卖发票	illegal
卖号靠	illegal
卖心脏	illegal
卖手枪	illegal
卖手铐	illegal
卖护照	illegal
卖月卡	illegal
卖枪支	illegal
卖污片	illegal
卖猎枪	illegal
卖砒霜	illegal
卖答案	illegal
卖肝源	illegal
卖肾源	illegal
卖肾网	illegal
卖自己	illegal
卖自考	illegal
卖藏刀	illegal
卖角膜	illegal
卖言正	illegal
卖证件	illegal
卖财富	illegal
卖软件	illegal
卖软体	illegal
卖铊盐	illegal
卖驾照	illegal
卖骨髓	illegal
博伊刀	illegal,gambling
卡宾枪	illegal
卡巴刀	illegal
原子弹	illegal
原装弹	illegal
口手枪	illegal
和锅枪	illegal
售假币	illegal
售假证	illegal
售假钱	illegal
售子弹	illegal
售手枪	illegal
售枪支	illegal
售步枪	illegal
售猎枪	illegal
售砍刀	illegal
售证件	illegal
国安证	illegal
土炸弹	illegal
型手枪	illegal
士兵证	illegal
大淫棍	illegal,porn
妖刀记	illegal
学位证	illegal
学历证	illegal
学生证	illegal
容弹量	illegal
射孔弹	illegal,porn
射网枪	illegal,porn
射钉弹	illegal,porn
射钉枪	illegal,porn
射鱼弩	illegal,porn
工作证	illegal
巴克刀	illegal
应子弹	illegal
开山刀	illegal
弓nu	illegal
弓弩网	illegal
弩转让	illegal
弹簧刀	illegal
强上弓	illegal
径步枪	illegal
戈博刀	illegal,gambling
房产证	illegal
手弓弩	illegal
手榴弹	illegal
手答案	illegal
打手枪	illegal
扫描枪	illegal
找枪手	illegal
折叠弩	illegal
护士证	illegal
拍卖官	illegal
排漏弹	illegal
散弹枪	illegal
文凭证	illegal
替考试	illegal
李买富	illegal
来复枪	illegal
来福枪	illegal
林金钱	illegal
枪qq	illegal
枪专卖	illegal
枪出售	illegal
枪子弹	illegal
枪手网	illegal
枪手队	illegal
枪械制	illegal
枪的分	illegal
枪的制	illegal
枪的参	illegal
枪的结	illegal
枪订购	illegal
枪货到	illegal
枪销售	illegal
格斗刀	illegal
模型枪	illegal
橡胶棍	illegal
步枪弹	illegal
武士刀	illegal
毕业证	illegal
毛人弹	illegal
毛卖b	illegal
毛卖卡	illegal
毛卖号	illegal
毛卖国	illegal
毛卖比	illegal
毛卖淫	illegal,porn
毛卖逼	illegal,porn
毛肉棍	illegal,porn
气弹枪	illegal
气枪弹	illegal
气枪网	illegal
气枪阀	illegal
氢弹手	illegal
求生刀	illegal
汽油弹	illegal
消防枪	illegal
游戏币	illegal
潜水刀	illegal
激光枪	illegal
炸弹教	illegal
烟雾弹	illegal
燃烧弹	illegal
特卖会	illegal
狗腿刀	illegal
狙击枪	illegal
猎枪网	illegal
猎枪销	illegal
理证件	illegal
用手枪	illegal
电击枪	illegal
电警棍	illegal
直销弩	illegal
砍刀网	illegal
等级证	illegal
答案包	illegal
级答案	illegal
考答案	illegal
考试保	illegal
考试枪	illegal
职称证	illegal
肉棍子	illegal,porn
肝供应	illegal
虎牙刀	illegal
蜘蛛刀	illegal
蝴蝶刀	illegal
行驶证	illegal
装弹甲	illegal
装枪套	illegal
警官证	illegal
警察证	illegal
警查证	illegal
认证书	illegal
记者证	illegal
证书办	illegal
证件办	illegal
证件网	illegal
证监会	illegal
试答案	illegal
豪圈钱	illegal
购枪网	illegal
资格证	illegal
赢钱药	illegal,drugs,gambling
身份证	illegal
车牌证	illegal
轮手枪	illegal
退币王	illegal
通行证	illegal
速取证	illegal
醉钢枪	illegal
野战刀	illegal
野营刀	illegal
金币网	illegal
金钱帮	illegal
钢珠枪	illegal
钱其琛	illegal
钱国梁	illegal
钱运录	illegal
铊批发	illegal
防弹衣	illegal
防暴枪	illegal
防身枪	illegal
附送枪	illegal
陪考枪	illegal
验证号	illegal
验证玛	illegal
验证码	illegal
高仿枪	illegal
高仿证	illegal
高压枪	illegal
魔兽币	illegal
麻醉弹	illegal
麻醉枪	illegal
1切证件	illegal
2手长枪	illegal
3棱刮刀	illegal
3棱刺刀	illegal
3棱刺枪	illegal
3棱尖刀	illegal
3棱跳刀	illegal
4级答案	illegal
54手枪	illegal
64手枪	illegal
6位qq	illegal
92手枪	illegal
99金币	illegal
g水出售	illegal
jia币	illegal
k粉qq	illegal,drugs
k粉专卖	illegal,drugs
k粉买卖	illegal,drugs
k粉供应	illegal,drugs
k粉出售	illegal,drugs
k粉批发	illegal,drugs
k粉销售	illegal,drugs
qq办证	illegal
qq卖肾	illegal
qq宠物	illegal
qq幻想	illegal
qq物语	illegal
qq裸聊	illegal,porn
qq音速	illegal
zha弹	illegal
丁腈供应	illegal
丁腈批发	illegal
丁腈直销	illegal
丁腈销售	illegal
上网赚钱	illegal
上饶卖肾	illegal
专业办证	illegal
专卖g水	illegal
专卖k粉	illegal,drugs
专卖假币	illegal
专卖假钱	illegal
专卖冰古	illegal,drugs
专卖冰毒	illegal,drugs
专卖冰砖	illegal,drugs
专卖大麻	illegal,drugs
专卖弓弩	illegal
专卖手弩	illegal
专卖手狗	illegal
专卖手铐	illegal
专卖气枪	illegal
专卖气狗	illegal
专卖汽枪	illegal
专卖汽狗	illegal
专卖猎刀	illegal
专卖猎枪	illegal
专卖猎狗	illegal
专卖白砒	illegal
专卖白粉	illegal,drugs
专卖砍刀	illegal
专卖砒霜	illegal
专卖纯古	illegal
专卖缅古	illegal
专卖肾脏	illegal
专卖臊冰	illegal,drugs
专卖警号	illegal
专卖警徽	illegal
专卖警服	illegal
专卖警棍	illegal
专卖警衔	illegal
专卖跳刀	illegal
专卖铅弹	illegal
专卖麻古	illegal
专卖麻姑	illegal
专卖麻果	illegal
专销汽枪	illegal
专门供应	illegal
丙腈供应	illegal
丙腈批发	illegal
丙腈直销	illegal
丙腈销售	illegal
丛林直刀	illegal
乙醚供应	illegal
乙醚出售	illegal
乙醚批发	illegal
乙醚直销	illegal
乙醚购买	illegal
乙醚销售	illegal
买1送1	illegal
买2送1	illegal
买77式	illegal
买乌头碱	illegal
买仿真枪	illegal
买假发票	illegal
买冰qq	illegal,drugs
买凶杀人	illegal
买到冰毒	illegal,drugs
买卖假币	illegal
买卖假证	illegal
买卖假钱	illegal
买卖冰毒	illegal,drugs
买卖婴儿	illegal
买卖弯刀	illegal
买卖手弩	illegal
买卖手枪	illegal
买卖手狗	illegal
买卖手铐	illegal
买卖枪支	illegal
买卖气枪	illegal
买卖汽枪	illegal
买卖猎刀	illegal
买卖白冰	illegal,drugs
买卖白粉	illegal,drugs
买卖真枪	illegal
买卖砍刀	illegal
买卖腰刀	illegal
买卖臊冰	illegal,drugs
买卖警徽	illegal
买卖警衔	illegal
买卖骚本	illegal
买大专文	illegal
买官卖官	illegal
买春网站	illegal
买氰化钙	illegal
买氰化钾	illegal
买真学历	illegal
买眼角膜	illegal
买肾中介	illegal
买肾信息	illegal
买通砀山	illegal
买麻醉枪	illegal
人体炸弹	illegal,porn
人民币假	illegal
人皮专卖	illegal
人肉炸弹	illegal,porn
代办签证	illegal
代办证件	illegal
代理假币	illegal
代考假证	illegal
代购弓弩	illegal
代购手枪	illegal
代那买特	illegal
仿制手枪	illegal
仿真手枪	illegal
仿钞出售	illegal
优质办证	illegal
会计师证	illegal
传送答案	illegal
伪币出售	illegal
伪钞专卖	illegal
伪钞出售	illegal
伪钞直销	illegal
位的qq	illegal
低价出售	illegal
低价金币	illegal
作各种证	illegal
供应g水	illegal
供应k粉	illegal,drugs
供应丁腈	illegal
供应丙腈	illegal
供应乙醚	illegal
供应乳腈	illegal
供应假币	illegal
供应光气	illegal
供应公文	illegal
供应冰古	illegal,drugs
供应冰毒	illegal,drugs
供应冰砖	illegal,drugs
供应冰糖	illegal,drugs
供应冰钻	illegal,drugs
供应刺刀	illegal
供应升汞	illegal
供应发票	illegal
供应土炮	illegal
供应塔崩	illegal
供应大麻	illegal,drugs
供应子弹	illegal
供应山埃	illegal
供应山奈	illegal
供应弓弩	illegal
供应手弩	illegal
供应手枪	illegal
供应手狗	illegal
供应护照	illegal
供应木仓	illegal
供应杜廷	illegal
供应枪支	illegal
供应枪械	illegal
供应步枪	illegal
供应气枪	illegal
供应气狗	illegal
供应氯仿	illegal
供应氰气	illegal
供应汔枪	illegal
供应汽枪	illegal
供应汽狗	illegal
供应沙林	illegal
供应炸药	illegal,drugs
供应特普	illegal
供应猎刀	illegal
供应猎枪	illegal
供应猎狗	illegal
供应白冰	illegal,drugs
供应白砒	illegal
供应白粉	illegal,drugs
供应砍刀	illegal
供应砒霜	illegal
供应砷酸	illegal
供应硼烷	illegal
供应礼炮	illegal
供应秃鹰	illegal
供应索曼	illegal
供应纯冰	illegal,drugs
供应纯古	illegal
供应缅古	illegal
供应肝源	illegal
供应肝脏	illegal
供应肾源	illegal
供应肾脏	illegal
供应腰刀	illegal
供应臊冰	illegal,drugs
供应言正	illegal
供应警号	illegal
供应警帽	illegal
供应警徽	illegal
供应警服	illegal
供应警棍	illegal
供应证件	illegal
供应跳刀	illegal
供应连弩	illegal
供应铀毒	illegal
供应铊粉	illegal,drugs
供应锇酸	illegal
供应面具	illegal
供应鞭炮	illegal
供应驾照	illegal
供应骚冰	illegal,drugs
供应鸟枪	illegal
供应麻古	illegal
供应麻姑	illegal
供应麻果	illegal
供应麻谷	illegal
供应黄冰	illegal,drugs
保过答案	illegal
修改证书	illegal
倒卖土地	illegal
假人民币	illegal
假币qq	illegal
假币专卖	illegal
假币买卖	illegal
假币代理	illegal
假币供应	illegal
假币假钞	illegal
假币出售	illegal
假币批发	illegal
假币提供	illegal
假币销售	illegal
假比出售	illegal
假毕业证	illegal
假结婚证	illegal
假证出售	illegal
假证制作	illegal
假证办理	illegal
假身份证	illegal
假钞qq	illegal
假钞专卖	illegal
假钞供应	illegal
假钞出售	illegal
假钞卖买	illegal
假钞批发	illegal
假钞换钱	illegal
假钞销售	illegal
假钱qq	illegal
假钱专卖	illegal
假钱买卖	illegal
假钱代理	illegal
假钱供应	illegal
假钱出售	illegal
假钱卖买	illegal
假钱批发	illegal
假钱提供	illegal
假钱销售	illegal
做假证件	illegal
做原子弹	illegal
做国安证	illegal
做士兵证	illegal
做工作证	illegal
做行驶证	illegal
做警官证	illegal
做警察证	illegal
做记者证	illegal
做身份证	illegal
做驾驶证	illegal
做高仿证	illegal
免费q币	illegal
冰古批发	illegal,drugs
冰古销售	illegal,drugs
冰毒qq	illegal,drugs
冰毒买卖	illegal,drugs
冰毒供应	illegal,drugs
冰毒出售	illegal,drugs
冰毒销售	illegal,drugs
冰砖出售	illegal,drugs
冰砖销售	illegal,drugs
冰钻供应	illegal,drugs
冰钻销售	illegal,drugs
冰麻出售	illegal,drugs
冲锋枪弹	illegal
冷钢出售	illegal
出售c4	illegal
出售g水	illegal
出售k粉	illegal,drugs
出售乙醚	illegal
出售仿古	illegal
出售伪币	illegal
出售伪钞	illegal
出售假币	illegal
出售假证	illegal
出售假钞	illegal
出售假钱	illegal
出售冰古	illegal,drugs
出售冰毒	illegal,drugs
出售冰砖	illegal,drugs
出售刀具	illegal
出售刺刀	illegal
出售匕首	illegal
出售发票	illegal
出售唐刀	illegal
出售器官	illegal
出售土炮	illegal
出售大麻	illegal,drugs
出售子弹	illegal
出售山埃	illegal
出售弓弩	illegal
出售弹药	illegal,drugs
出售心脏	illegal
出售情蛊	illegal,porn
出售战刀	illegal
出售手拷	illegal
出售手枪	illegal
出售手狗	illegal
出售手铐	illegal
出售折刀	illegal
出售护照	illegal
出售文凭	illegal
出售枪具	illegal
出售枪弹	illegal
出售枪支	illegal
出售枪管	illegal
出售此号	illegal
出售步枪	illegal
出售毒品	illegal,drugs
出售气枪	illegal
出售气狗	illegal
出售汔枪	illegal
出售汔狗	illegal
出售汽枪	illegal
出售汽狗	illegal
出售油冰	illegal,drugs
出售火狗	illegal
出售火药	illegal,drugs
出售炸药	illegal,drugs
出售烟花	illegal
出售爆竹	illegal
出售狗支	illegal
出售狗管	illegal
出售猎刀	illegal
出售猎弩	illegal
出售猎枪	illegal
出售猎狗	illegal
出售甩刀	illegal
出售电狗	illegal
出售男婴	illegal
出售白冰	illegal,drugs
出售真枪	illegal
出售短枪	illegal
出售短狗	illegal
出售硬币	illegal
出售神符	illegal
出售答案	illegal
出售纯冰	illegal,drugs
出售纯古	illegal
出售缅古	illegal
出售缅果	illegal
出售肝源	illegal
出售肝脏	illegal
出售肺脏	illegal
出售肾源	illegal
出售肾脏	illegal
出售胰腺	illegal
出售腰刀	illegal
出售臊冰	illegal,drugs
出售色站	illegal,porn
出售警徽	illegal
出售警服	illegal
出售警械	illegal
出售警灯	illegal
出售警衔	illegal
出售试题	illegal
出售账号	illegal
出售跳刀	illegal
出售连弩	illegal
出售迷魂	illegal
出售追月	illegal
出售钞票	illegal
出售钢刀	illegal
出售铀毒	illegal
出售锡锋	illegal
出售长刀	illegal
出售雷汞	illegal
出售雷管	illegal
出售马古	illegal
出售麻古	illegal
出售麻姑	illegal
出售麻果	illegal
出售黄冰	illegal,drugs
出售黑狗	illegal
刀具专卖	illegal
刀具直销	illegal
刀剑英雄	illegal
刀客不朽	illegal
刀架保安	illegal
制作猎枪	illegal
制作脏弹	illegal
制作证件	illegal
制式枪支	illegal
制证定金	illegal
刺刀专卖	illegal
刺刀买卖	illegal
刺刀出售	illegal
刺刀批发	illegal
刺刀直销	illegal
刺刀销售	illegal
刻章办证	illegal
剃刀淫魔	illegal,porn
办假证件	illegal
办假证证	illegal
办出生证	illegal
办学位证	illegal
办毕业证	illegal
办理证书	illegal
办理证件	illegal
办离婚证	illegal
办职称证	illegal
办警官证	illegal
办警察证	illegal
办譪qq	illegal
办证qq	illegal
办证中心	illegal
办证假证	illegal
办证刻章	illegal
办证样品	illegal
办证电话	illegal
加我qq	illegal
务员答案	illegal
务员考试	illegal
勃朗宁刀	illegal
匕首转让	illegal
升汞批发	illegal
卖乌头碱	illegal
卖假发票	illegal
卖假文凭	illegal
卖假言正	illegal
卖假证件	illegal
卖假车牌	illegal
卖假驾照	illegal
卖国唐捷	illegal
卖国安证	illegal
卖国求荣	illegal
卖士兵证	illegal
卖娃广告	illegal
卖工作证	illegal
卖开山刀	illegal
卖户口本	illegal
卖春网站	illegal
卖枪qq	illegal
卖氰化钙	illegal
卖氰化钾	illegal
卖水晶冰	illegal,drugs
卖水果冰	illegal,drugs
卖海洛因	illegal,drugs
卖淫嫖娼	illegal,porn
卖热武器	illegal
卖眼角膜	illegal
卖硝酸铊	illegal
卖神仙水	illegal
卖肝中介	illegal
卖肾qq	illegal
卖肾信息	illegal
卖行驶证	illegal
卖警官证	illegal
卖警察证	illegal
卖记者证	illegal
卖身份证	illegal
卖钢珠枪	illegal
卖银行卡	illegal
卖驾驶证	illegal
卖高仿证	illegal
卖黑市肾	illegal
卡卡金币	illegal
原始弓弩	illegal
原装气枪	illegal
原装猎枪	illegal
双刃尖刀	illegal
发票qq	illegal
发票买卖	illegal
古柯买卖	illegal
台制假币	illegal
台秃专卖	illegal
司法考试	illegal
司考答案	illegal
各类考试	illegal
名刀供应	illegal
名刀出售	illegal
名刀批发	illegal
哈药直销	illegal,drugs
唐刀批发	illegal
售人民币	illegal
售假硬币	illegal
售假证q	illegal
售假证件	illegal
售国安证	illegal
售士兵证	illegal
售工作证	illegal
售弹簧刀	illegal
售枪qq	illegal
售电警棍	illegal
售行驶证	illegal
售警官证	illegal
售警察证	illegal
售记者证	illegal
售身份证	illegal
售钢珠枪	illegal
售驾驶证	illegal
售高仿证	illegal
商品销售	illegal
器官贩卖	illegal
团购弓弩	illegal
国外办证	illegal
土冰出售	illegal,drugs
在家赚钱	illegal
地下钱庄	illegal,gambling
塑胶炸弹	illegal
处女出售	illegal,porn
大麻出售	illegal,drugs
大麻销售	illegal,drugs
大黑鹰弩	illegal
妈卖妈屁	illegal,porn
娥眉气枪	illegal
子弹专卖	illegal
子弹专营	illegal
子弹供应	illegal
子弹出售	illegal
学历认证	illegal
学历证书	illegal
完税证明	illegal
定购假币	illegal
定购假钱	illegal
实毕业证	illegal
实钱赌博	illegal,gambling
小姐qq	illegal,porn
布卖淫女	illegal,porn
幼童买卖	illegal
幼童出售	illegal
廓尔喀刀	illegal
弓努专卖	illegal
弓弩专卖	illegal
弓弩专营	illegal
弓弩代理	illegal
弓弩供应	illegal
弓弩出售	illegal
弓弩制作	illegal
弓弩商城	illegal
弓弩图纸	illegal
弓弩批发	illegal
弓弩直销	illegal
弓弩订购	illegal
弓弩论坛	illegal
弓弩转让	illegal
弓弩销售	illegal
弓月杏里	illegal
弓虽女干	illegal,porn
弩弓专售	illegal
弩弓供应	illegal
弩弓官网	illegal
弩弓批发	illegal
弩弓提供	illegal
弩弓直销	illegal
弩机图纸	illegal
弩的图纸	illegal
弯刀买卖	illegal
弯刀冷钢	illegal
弯刀出售	illegal
弯刀提供	illegal
弹簧跳刀	illegal
弹药专卖	illegal,drugs
弹药买卖	illegal,drugs
弹药出售	illegal,drugs
弹药配方	illegal,drugs
彩弹汽枪	illegal
急需卖肾	illegal
性息qq	illegal,porn
性息出售	illegal,porn
戈博专卖	illegal,gambling
战刀订购	illegal
战术刀具	illegal
战术折刀	illegal
手弩专卖	illegal
手弩买卖	illegal
手弩供应	illegal
手弩出售	illegal
手弩制作	illegal
手弩图纸	illegal
手弩批发	illegal
手弩直销	illegal
手弩转让	illegal
手弩销售	illegal
手抢专卖	illegal
手抢出售	illegal
手拷出售	illegal
手拷批发	illegal
手拷销售	illegal
手机挣钱	illegal
手机赚钱	illegal
手枪qq	illegal
手枪专区	illegal
手枪买卖	illegal
手枪价格	illegal
手枪出售	illegal
手枪批发	illegal
手枪现货	illegal
手枪钻石	illegal
手枪销售	illegal
手狗专卖	illegal
手狗供应	illegal
手狗出售	illegal
手狗直销	illegal
手狗转让	illegal
手狗销售	illegal
手铐供应	illegal
手铐批发	illegal
手铐销售	illegal
手驽配件	illegal
批发g水	illegal
批发k粉	illegal,drugs
批发丁腈	illegal
批发丙腈	illegal
批发假币	illegal
批发假钞	illegal
批发假钱	illegal
批发冰古	illegal,drugs
批发冰毒	illegal,drugs
批发冰油	illegal,drugs
批发冰砖	illegal,drugs
批发刀具	illegal
批发匕首	illegal
批发名刀	illegal
批发吗啡	illegal,drugs
批发唐刀	illegal
批发大麻	illegal,drugs
批发弹药	illegal,drugs
批发手弩	illegal
批发手拷	illegal
批发枪支	illegal
批发汔枪	illegal
批发汽枪	illegal
批发汽狗	illegal
批发狗管	illegal
批发猎刀	illegal
批发猎弩	illegal
批发白砒	illegal
批发砍刀	illegal
批发砒霜	illegal
批发砷酸	illegal
批发礼炮	illegal
批发索曼	illegal
批发纯古	illegal
批发缅古	illegal
批发缅果	illegal
批发肾源	illegal
批发肾脏	illegal
批发臊冰	illegal,drugs
批发药弩	illegal,drugs
批发警徽	illegal
批发警棍	illegal
批发警衔	illegal
批发跳刀	illegal
批发连弩	illegal
批发迷药	illegal,drugs
批发铀毒	illegal
批发铊盐	illegal
批发锇酸	illegal
批发马古	illegal
批发麻古	illegal
批发麻果	illegal
批发麻谷	illegal
批量手枪	illegal
折刀专卖	illegal
折叠狗买	illegal
折叠狗卖	illegal
拐卖儿童	illegal
拐卖婴儿	illegal
提供假币	illegal
提供假证	illegal
提供假钱	illegal
提供刺刀	illegal
提供子弹	illegal
提供手枪	illegal
提供枪弩	illegal
提供枪械	illegal
提供步枪	illegal
提供汔枪	illegal
提供汽枪	illegal
提供猎刀	illegal
提供猎枪	illegal
提供短枪	illegal
提供答案	illegal
提供腰刀	illegal
提供藏刀	illegal
提供证件	illegal
提供跳刀	illegal
提供连弩	illegal
提供鸟枪	illegal
援交qq	illegal
效率办证	illegal
教你做弹	illegal
数据出售	illegal
文凭办证	illegal
斧头镰刀	illegal
春药供应	illegal,drugs
春药批发	illegal,drugs
春药直销	illegal,drugs
春药销售	illegal,drugs
替考qq	illegal
有偿买肾	illegal
有钢珠卖	illegal
有麻果买	illegal
服饰配件	illegal
木仓qq	illegal
木仓专卖	illegal
本人卖肾	illegal
本科业证	illegal
杀人卖尸	illegal
杭州辩证	illegal
果聊qq	illegal,porn
枪决女犯	illegal,porn
枪决现场	illegal
枪击事件	illegal
枪刺专卖	illegal
枪弹出售	illegal
枪手替考	illegal
枪手网站	illegal
枪支0售	illegal
枪支买卖	illegal
枪支出售	illegal
枪支弹药	illegal,drugs
枪支批发	illegal
枪支销售	illegal
枪械买卖	illegal
枪械出售	illegal
枪械图纸	illegal
枪淫少妇	illegal,porn
枪硬情浓	illegal,porn
枪管出售	illegal
枪网专卖	illegal
格证考试	illegal
楼凤qq	illegal
步枪专卖	illegal
步枪供应	illegal
步枪出售	illegal
步枪转让	illegal
步枪销售	illegal
步狗专卖	illegal
武士直刀	illegal
武汉办证	illegal
死刑枪毙	illegal
毒品出售	illegal,drugs
毒品销售	illegal,drugs
毕业证书	illegal
毛买财富	illegal
毛卖id	illegal
毛卖qq	illegal
毛卖财富	illegal
毛卖软件	illegal
毛肉棍子	illegal,porn
毛钱其琛	illegal
毛麻醉枪	illegal
气弹手枪	illegal
气手狗买	illegal
气手狗卖	illegal
气枪专卖	illegal
气枪买卖	illegal
气枪出售	illegal
气枪图纸	illegal
气枪直销	illegal
气枪膛线	illegal
气枪订购	illegal
气枪购买	illegal
气枪销售	illegal
气狗qq	illegal
气狗买卖	illegal
气狗出售	illegal
气狗直销	illegal
气狗销售	illegal
汔枪供应	illegal
汔枪出售	illegal
汔枪批发	illegal
汔枪提供	illegal
汔枪直销	illegal
汔枪订购	illegal
汔枪购买	illegal
汔枪销售	illegal
汔狗销售	illegal
汽枪qq	illegal
汽枪买卖	illegal
汽枪交易	illegal
汽枪价格	illegal
汽枪出售	illegal
汽枪提供	illegal
汽枪组装	illegal
汽枪订购	illegal
汽枪购买	illegal
汽枪转让	illegal
汽枪销售	illegal
汽狗qq	illegal
汽狗专卖	illegal
汽狗买卖	illegal
汽狗供应	illegal
汽狗出售	illegal
汽狗批发	illegal
汽狗销售	illegal
活体卖肾	illegal
海关拍卖	illegal
液体炸弹	illegal
港制假币	illegal
游戏代币	illegal
火枪专卖	illegal
火枪出售	illegal
火枪提供	illegal
火枪销售	illegal
火药专卖	illegal,drugs
火药供应	illegal,drugs
火药出售	illegal,drugs
火药批发	illegal,drugs
炸弹制作	illegal
炸弹袭击	illegal
炸弹遥控	illegal
炸弹配方	illegal
炸药专卖	illegal,drugs
炸药出售	illegal,drugs
烟花专卖	illegal
烟花供应	illegal
烟花直销	illegal
爆竹专卖	illegal
爆竹供应	illegal
爆竹直销	illegal
狗操卖逼	illegal,porn
狗管qq	illegal
狗管专卖	illegal
狗腿弯刀	illegal
狩猎用弩	illegal
猎刀专卖	illegal
猎刀买卖	illegal
猎刀供应	illegal
猎刀出售	illegal
猎刀直销	illegal
猎刀订购	illegal
猎刀转让	illegal
猎刀销售	illegal
猎枪qq	illegal
猎枪出售	illegal
猎枪出货	illegal
猎枪到货	illegal
猎枪子弹	illegal
猎枪批发	illegal
猎枪提供	illegal
猎枪散弹	illegal
猎枪电话	illegal
猎枪直销	illegal
猎枪真枪	illegal
猎枪订购	illegal
猎枪论坛	illegal
猎枪转让	illegal
猎枪销售	illegal
猎狗出售	illegal
环球证件	illegal
理各种证	illegal
甩卖汽枪	illegal
电棍专卖	illegal
电狗出售	illegal
电狗批发	illegal
电狗转让	illegal
电狗销售	illegal
白冰供应	illegal,drugs
白刃刺刀	illegal
白砒批发	illegal
白粉专卖	illegal,drugs
白粉买卖	illegal,drugs
白粉供应	illegal,drugs
白粉卖买	illegal,drugs
白粉直销	illegal,drugs
白粉购买	illegal,drugs
白粉销售	illegal,drugs
皮箱炸弹	illegal
盗取qq	illegal
直刀专卖	illegal
直男打枪	illegal
直销g水	illegal
直销k粉	illegal,drugs
直销丁腈	illegal
直销丙腈	illegal
直销乙醚	illegal
直销伪钞	illegal
直销假币	illegal
直销假钞	illegal
直销冰古	illegal,drugs
直销冰砖	illegal,drugs
直销刀具	illegal
直销刺刀	illegal
直销匕首	illegal
直销吗啡	illegal,drugs
直销手弩	illegal
直销手铐	illegal
直销枪刺	illegal
直销气枪	illegal
直销气狗	illegal
直销汔枪	illegal
直销汽枪	illegal
直销汽狗	illegal
直销烟花	illegal
直销爆竹	illegal
直销狗管	illegal
直销猎刀	illegal
直销猎枪	illegal
直销白粉	illegal,drugs
直销砍刀	illegal
直销砷酸	illegal
直销礼炮	illegal
直销纯古	illegal
直销缅古	illegal
直销缅果	illegal
直销腰刀	illegal
直销臊冰	illegal,drugs
直销警号	illegal
直销警帽	illegal
直销警徽	illegal
直销警服	illegal
直销警棍	illegal
直销警灯	illegal
直销警衔	illegal
直销财税	illegal
直销跳刀	illegal
直销连弩	illegal
直销迷药	illegal,drugs
直销雷管	illegal
直销鞭炮	illegal
直销麻姑	illegal
直销麻果	illegal
直销麻谷	illegal
直销黄冰	illegal,drugs
真实证件	illegal
真枪qq	illegal
真枪专卖	illegal
真枪改装	illegal
真枪销售	illegal
真毕业证	illegal
真身份证	illegal
真鎗出售	illegal
真钱下注	illegal,gambling
真钱投注	illegal
真钱斗地	illegal
真钱梭哈	illegal
真钱游戏	illegal
真钱赌博	illegal,gambling
真钱轮盘	illegal
短信答案	illegal
短刀专卖	illegal
短刀出售	illegal
短刀直销	illegal
短刀销售	illegal
短狗销售	illegal
砍刀专卖	illegal
砍刀买卖	illegal
砍刀供应	illegal
砍刀出售	illegal
砍刀批发	illegal
砍刀提供	illegal
砍刀直销	illegal
砍刀订购	illegal
砍刀转让	illegal
砒霜供应	illegal
砒霜批发	illegal
砷酸供应	illegal
砷酸批发	illegal
砷酸直销	illegal
砷酸销售	illegal
硅烷炸弹	illegal
硬币qq	illegal
硬币供应	illegal
硬币出售	illegal
硬币批发	illegal
礼炮批发	illegal
礼炮销售	illegal
秃鹰qq	illegal
秃鹰气枪	illegal
种学历证	illegal
税票批发	illegal
究生答案	illegal
等级证书	illegal
答案传输	illegal
答案提供	illegal
签证加急	illegal
简易炸弹	illegal
管制刀具	illegal
粉笔炸弹	illegal,drugs
精确答案	illegal
索曼批发	illegal
纯冰销售	illegal,drugs
纯古供应	illegal
纯古批发	illegal
纯古直销	illegal
组装手枪	illegal
缅古qq	illegal
缅古专卖	illegal
缅古供应	illegal
缅古出售	illegal
缅古批发	illegal
缅古销售	illegal
缅果供应	illegal
缅果出售	illegal
缅果批发	illegal
缅果购买	illegal
缅果销售	illegal
罂粟出售	illegal
网上赌钱	illegal,gambling
网上赚钱	illegal
网购汽枪	illegal
考中答案	illegal
考前答案	illegal
考后给钱	illegal
考试作弊	illegal
考试助手	illegal
考试包过	illegal
考试机构	illegal
考试答案	illegal
考试联盟	illegal
考试设备	illegal
考验答案	illegal
肉体买家	illegal,porn
肝源qq	illegal
肝源供应	illegal
肝脏供应	illegal
股市圈钱	illegal
肾源供应	illegal
肾源出售	illegal
肾脏供应	illegal
肾脏出售	illegal
腰刀专卖	illegal
腰刀买卖	illegal
腰刀供应	illegal
腰刀出售	illegal
腰刀批发	illegal
腰刀提供	illegal
腰刀订购	illegal
腰刀转让	illegal
腰刀销售	illegal
自制弩弓	illegal
自制弩机	illegal
自制手弩	illegal
自制手枪	illegal
自制汽枪	illegal
自制炸弹	illegal
自己找枪	illegal
色站出售	illegal,porn
色站销售	illegal,porn
英语枪手	illegal
藏刀供应	illegal
藏刀转让	illegal
藏刀销售	illegal
蝴蝶甩刀	illegal
警号专卖	illegal
警号出售	illegal
警号销售	illegal
警备车证	illegal
警徽出售	illegal
警服专卖	illegal
警服供应	illegal
警服出售	illegal
警服批发	illegal
警服销售	illegal
警枪出售	illegal
警棍专卖	illegal
警棍买卖	illegal
警棍供应	illegal
警棍批发	illegal
警棍提供	illegal
警棍订购	illegal
警棍销售	illegal
警灯批发	illegal
警灯销售	illegal
警用钱包	illegal
警衔qq	illegal
警衔供应	illegal
订购弓弩	illegal
订购战刀	illegal
订购气枪	illegal
订购汔枪	illegal
订购猎刀	illegal
订购腰刀	illegal
订购警棍	illegal
证1次性	illegal,porn
证书挂靠	illegal
证件公司	illegal
证件办理	illegal
证件集团	illegal
证到付款	illegal
证券从业	illegal
证生成器	illegal
试题答案	illegal
诚信办证	illegal
购买乙醚	illegal
购买假币	illegal
购买刺刀	illegal
购买唐刀	illegal
购买手铐	illegal
购买枪支	illegal
购买汽枪	illegal
购买真枪	illegal
购买警棍	illegal
购买警衔	illegal
购肾qq	illegal
资质证书	illegal
赚钱资料	illegal
跳刀专卖	illegal
跳刀出售	illegal
跳刀批发	illegal
跳刀提供	illegal
跳刀直销	illegal
跳刀转让	illegal
跳刀销售	illegal
转让刺刀	illegal
转让匕首	illegal
转让战刀	illegal
转让手弩	illegal
转让手狗	illegal
转让机打	illegal
转让气狗	illegal
转让汔枪	illegal
转让汽枪	illegal
转让狗管	illegal
转让猎刀	illegal
转让猎枪	illegal
转让电狗	illegal
转让砍刀	illegal
转让腰刀	illegal
转让跳刀	illegal
转让车票	illegal
达毕业证	illegal
进口气枪	illegal
连弩出售	illegal
连弩批发	illegal
连弩直销	illegal
连弩销售	illegal
连锁销售	illegal
迷烟专卖	illegal
迷烟出售	illegal
迷药供应	illegal,drugs
迷药批发	illegal,drugs
重弩转让	illegal
野战砍刀	illegal
金弓国狗	illegal
金枪不倒	illegal
金龙神枪	illegal
鋘售假币	illegal
钢弩改装	illegal
钢珠子弹	illegal
钢珠弓弩	illegal
钢珠手枪	illegal
钢珠的枪	illegal
钱3字经	illegal
钻石销售	illegal
铀毒批发	illegal
铅弹销售	illegal
铊盐供应	illegal
铊盐出售	illegal
铊盐批发	illegal
铊粉供应	illegal,drugs
销售g水	illegal
销售k粉	illegal,drugs
销售丁腈	illegal
销售丙腈	illegal
销售假币	illegal
销售假证	illegal
销售假钞	illegal
销售冰古	illegal,drugs
销售冰毒	illegal,drugs
销售冰砖	illegal,drugs
销售匕首	illegal
销售发票	illegal
销售台秃	illegal
销售大麻	illegal,drugs
销售子弹	illegal
销售弓弩	illegal
销售弹药	illegal,drugs
销售情蛊	illegal,porn
销售手枪	illegal
销售手狗	illegal
销售手铐	illegal
销售木仓	illegal
销售枪支	illegal
销售步枪	illegal
销售气枪	illegal
销售气狗	illegal
销售汔枪	illegal
销售汽枪	illegal
销售汽狗	illegal
销售炸药	illegal,drugs
销售烟花	illegal
销售热线	illegal
销售狗管	illegal
销售猎刀	illegal
销售猎弩	illegal
销售猎枪	illegal
销售猎狗	illegal
销售电狗	illegal
销售短狗	illegal
销售砍刀	illegal
销售砒霜	illegal
销售砷酸	illegal
销售礼炮	illegal
销售秃鹰	illegal
销售纯古	illegal
销售缅古	illegal
销售缅果	illegal
销售腰刀	illegal
销售色站	illegal,porn
销售藏刀	illegal
销售警徽	illegal
销售警服	illegal
销售警棍	illegal
销售警灯	illegal
销售警衔	illegal
销售跳刀	illegal
销售迷烟	illegal
销售迷药	illegal,drugs
销售酦票	illegal
销售钻石	illegal
销售铅弹	illegal
销售铊盐	illegal
销售锇酸	illegal
销售长刀	illegal
销售雷管	illegal
销售靴刀	illegal
销售鞭炮	illegal
销售麻古	illegal
销售麻姑	illegal
销售麻果	illegal
锇酸供应	illegal
锡锋出售	illegal
长枪出售	illegal
长狗专卖	illegal
防卫棍刀	illegal
防弹盾牌	illegal
阳江仿刀	illegal
阳江刀具	illegal
雷管qq	illegal
雷管专卖	illegal
雷管供应	illegal
雷管出售	illegal
雷管销售	illegal
鞭炮供应	illegal
鞭炮批发	illegal
鞭炮直销	illegal
鞭炮销售	illegal
顺丰办证	illegal
预测答案	illegal
马卖马屁	illegal
马德卖官	illegal
马钱子碱	illegal
验证码为	illegal
骚冰供应	illegal,drugs
骚女qq	illegal,porn
高仿纸币	illegal
魔兽金币	illegal
魔刀丽影	illegal
鸟枪专卖	illegal
麻古专卖	illegal
麻古买卖	illegal
麻古供应	illegal
麻古出售	illegal
麻古批发	illegal
麻古销售	illegal
麻因出售	illegal
麻果出售	illegal
麻果批发	illegal
麻谷qq	illegal
麻谷专卖	illegal
麻谷批发	illegal
麻谷销售	illegal
麻醉钢枪	illegal
黄冰供应	illegal,drugs
黄冰出售	illegal,drugs
黑狗销售	illegal
1元人民币	illegal
1元假硬币	illegal
2代证代办	illegal
2手弩买卖	illegal
2手弩出售	illegal
2手弩转让	illegal
2踢脚供应	illegal
2踢脚直销	illegal
2踢脚购买	illegal
2踢脚销售	illegal
3健弓弩网	illegal
3利达专卖	illegal
3利达直销	illegal
3唑仑qq	illegal
3唑仑专卖	illegal
3唑仑批发	illegal
3唑仑销售	illegal
3唑纶出售	illegal
3挫仑qq	illegal
3棱刀供应	illegal
3棱刀批发	illegal
3棱刀订购	illegal
3棱刀转让	illegal
3棱刀销售	illegal
46级助考	illegal
46级替考	illegal
46级答案	illegal
46级考试	illegal
46级证书	illegal
4乙锡供应	illegal
4乙锡批发	illegal
4乙锡销售	illegal
4号白冰买	illegal,drugs
54式qq	illegal
54式专卖	illegal
54式出售	illegal
54式图纸	illegal
54枪专卖	illegal
54枪销售	illegal
54狗qq	illegal
54狗专卖	illegal
56式刺刀	illegal
56式枪刺	illegal
5连发汽枪	illegal
64式qq	illegal
64式出售	illegal
64式图纸	illegal
64式转让	illegal
64式销售	illegal
64狗qq	illegal
64狗专卖	illegal
64狗出售	illegal
6级证办理	illegal
77式转让	illegal
7孔狗腿刀	illegal
92式出售	illegal
92式直销	illegal
92式转让	illegal
92式销售	illegal
92枪专卖	illegal
92狗qq	illegal
bb弹出售	illegal
bb弹批发	illegal
bb弹销售	illegal
bb枪专卖	illegal
diy核弹	illegal
ghb专卖	illegal
ghb销售	illegal
im买卖通	illegal
k粉冰出售	illegal,drugs
lgtqq	illegal
lsd供应	illegal,drugs
lsd出售	illegal,drugs
lsd销售	illegal,drugs
pcp专卖	illegal
pcp出售	illegal
pcp配件	illegal
ppk出售	illegal
ppk转让	illegal
ppk销售	illegal
qi枪qq	illegal
qi枪专卖	illegal
qi狗专卖	illegal
qi狗出售	illegal
qq3唑仑	illegal
qq54狗	illegal
qq办驾照	illegal
qq卖子弹	illegal
qq卖手枪	illegal
qq卖手狗	illegal
qq卖猎枪	illegal
qq售冰毒	illegal,drugs
qq摇头丸	illegal,drugs
qq有冰毒	illegal,drugs
qq海乐神	illegal
qq秃鹰枪	illegal
qq裸聊女	illegal,porn
qq酣乐欣	illegal
tnt买卖	illegal
tnt出售	illegal
tnt批发	illegal
tnt炸弹	illegal
tnt销售	illegal
ؚsrqq	illegal
万能锁出售	illegal
上海气枪网	illegal
不爽不要钱	illegal
专业制假证	illegal
专业办假证	illegal
专业办证书	illegal
专业弓弩网	illegal
专供赵氏弩	illegal
专做假证件	illegal
专办假证件	illegal
专卖ghb	illegal
专卖丛林刀	illegal
专卖假发票	illegal
专卖假币q	illegal
专卖假文凭	illegal
专卖兰博刀	illegal,gambling
专卖冰牙签	illegal,drugs
专卖古可叶	illegal
专卖古柯叶	illegal
专卖可卡因	illegal,drugs
专卖可待因	illegal
专卖喵喵药	illegal,drugs
专卖地西泮	illegal
专卖安纳咖	illegal
专卖山奈钾	illegal
专卖开山刀	illegal
专卖开锁器	illegal
专卖弹弓弩	illegal
专卖弹簧刀	illegal
专卖战神弩	illegal
专卖打鸟枪	illegal
专卖摇头丸	illegal,drugs
专卖敌恶磷	illegal
专卖散弹枪	illegal
专卖枪械网	illegal
专卖植物冰	illegal,drugs
专卖气动枪	illegal
专卖氯胺酮	illegal,drugs
专卖求生刀	illegal
专卖沙菲片	illegal
专卖海乐神	illegal
专卖海洛因	illegal,drugs
专卖狙击枪	illegal
专卖狩猎刀	illegal
专卖狩猎弩	illegal
专卖猎豹弩	illegal
专卖电警棍	illegal
专卖礼花弹	illegal
专卖秦氏弩	illegal
专卖美沙酮	illegal,drugs
专卖胡椒醛	illegal
专卖苍蝇水	illegal
专卖蜘蛛刀	illegal
专卖警官证	illegal
专卖警察证	illegal
专卖警用棍	illegal
专卖赌博粉	illegal,drugs,gambling
专卖赛洛新	illegal
专卖赵氏弩	illegal
专卖迷幻水	illegal,drugs
专卖迷幻药	illegal,drugs
专卖酣乐欣	illegal
专卖野战刀	illegal
专卖野营刀	illegal
专卖钢珠弩	illegal
专卖钢珠狗	illegal
专卖防暴枪	illegal
专卖阳江刀	illegal
专卖麦角胺	illegal,drugs
专卖麦角酸	illegal
专卖麻黄碱	illegal
专卖黑鹰弩	illegal
丙烯醛供应	illegal
丙烯醛批发	illegal
丙烯醛直销	illegal
丙烯醛销售	illegal
丛林刀专卖	illegal
丛林刀供应	illegal
丛林刀出售	illegal
丛林刀提供	illegal
丛林刀直销	illegal
丛林刀转让	illegal
丛林刀销售	illegal
丛林开山刀	illegal
丝袜女qq	illegal,porn
中华弓弩网	illegal
中国弓弩网	illegal
中国弓驽网	illegal
中国气枪网	illegal
为了性和钱	illegal,porn
乌头碱供应	illegal
乌头碱直销	illegal
乌头碱销售	illegal
乖乖水买卖	illegal
乖乖水直销	illegal
乖乖药供应	illegal,drugs
乖乖药出售	illegal,drugs
乖乖药批发	illegal,drugs
乖乖药购买	illegal,drugs
乖乖药销售	illegal,drugs
乙烯砜供应	illegal
乙烯砜批发	illegal
乙烯砜直销	illegal
乙烯砜销售	illegal
乙硼烷供应	illegal
乙硼烷批发	illegal
乙硼烷直销	illegal
乙硼烷销售	illegal
乙酸汞批发	illegal
乙酸铊供应	illegal
乙酸铊直销	illegal
买54手枪	illegal
买假币qq	illegal
买假币假钞	illegal
买假身份证	illegal
买假钱qq	illegal
买冰毒qq	illegal,drugs
买卖2手弩	illegal
买卖3唑仑	illegal
买卖54狗	illegal
买卖64狗	illegal
买卖乖乖水	illegal
买卖仿真枪	illegal
买卖化学冰	illegal,drugs
买卖可待因	illegal
买卖土火炮	illegal
买卖大冰砖	illegal,drugs
买卖大黑鹰	illegal
买卖失忆水	illegal
买卖小冰砖	illegal,drugs
买卖开山刀	illegal
买卖弹簧刀	illegal
买卖摇头糖	illegal
买卖枪qq	illegal
买卖植物冰	illegal,drugs
买卖气短狗	illegal
买卖气长狗	illegal
买卖氯胺酮	illegal,drugs
买卖氰化钠	illegal
买卖氰化钾	illegal
买卖狙击弩	illegal
买卖白牙签	illegal
买卖神仙糖	illegal
买卖秦氏弩	illegal
买卖等级证	illegal
买卖苍蝇粉	illegal,drugs
买卖警官证	illegal
买卖警察证	illegal
买卖赵氏弩	illegal
买卖迷幻水	illegal,drugs
买卖迷幻药	illegal,drugs
买卖酣乐欣	illegal
买卖野战刀	illegal
买卖钢珠枪	illegal
买卖钢珠狗	illegal
买卖钻石冰	illegal,drugs
买卖麻醉枪	illegal
买卖黄牙签	illegal
买卖黄麻素	illegal
买考前答案	illegal
买肝脏qq	illegal
买肾卖肾网	illegal
买肾源qq	illegal
买麻果k粉	illegal,drugs
亚硒酸批发	illegal
人民币恶搞	illegal
人民币梭哈	illegal
代办2代证	illegal
代办会计证	illegal
代办假证书	illegal
代办学位证	illegal
代办学士证	illegal
代办警察证	illegal
代办证qq	illegal
代办身份证	illegal
代办驾驶证	illegal
代办高仿证	illegal
代理假证书	illegal
代考枪手网	illegal
仿真人民币	illegal
仿真来复枪	illegal
仿真枪qq	illegal
仿真枪专卖	illegal
仿真枪买卖	illegal
仿真枪供应	illegal
仿真枪出售	illegal
仿真枪到货	illegal
仿真枪售卖	illegal
仿真枪提供	illegal
仿真枪改装	illegal
仿真枪械网	illegal
仿真枪模型	illegal
仿真枪订购	illegal
仿真枪销售	illegal
仿真狗出售	illegal
会计证代办	illegal
会计证办理	illegal
伯莱塔销售	illegal
供应2恶英	illegal
供应2手弩	illegal
供应2踢脚	illegal
供应3唑仑	illegal
供应3棱刀	illegal
供应4乙锡	illegal
供应54式	illegal
供应54枪	illegal
供应5氯酚	illegal
供应5硼烷	illegal
供应64式	illegal
供应77式	illegal
供应92式	illegal
供应bb弹	illegal
供应bb枪	illegal
供应qi狗	illegal
供应tnt	illegal
供应丙烯醛	illegal
供应丛林刀	illegal
供应乌头碱	illegal
供应乖乖粉	illegal,drugs
供应乖乖药	illegal,drugs
供应乙基氰	illegal
供应乙烯砜	illegal
供应乙硼烷	illegal
供应乙醇腈	illegal
供应任意显	illegal
供应仿真枪	illegal
供应伞兵刀	illegal
供应保米磷	illegal
供应假文凭	illegal
供应假言正	illegal
供应假证件	illegal
供应假车牌	illegal
供应催情水	illegal,porn
供应催情粉	illegal,drugs,porn
供应催情药	illegal,drugs,porn
供应兰博刀	illegal,gambling
供应冰牙签	illegal,drugs
供应化学冰	illegal,drugs
供应华法灵	illegal
供应博伊刀	illegal,gambling
供应原砷酸	illegal
供应可卡因	illegal,drugs
供应听话药	illegal,drugs
供应国安证	illegal
供应地西泮	illegal
供应地高辛	illegal
供应士兵证	illegal
供应大冰砖	illegal,drugs
供应大黑鹰	illegal
供应失忆水	illegal
供应奶油冰	illegal,drugs,porn
供应学生证	illegal
供应对氧磷	illegal
供应小冰砖	illegal,drugs
供应山奈钾	illegal
供应工作证	illegal
供应左啡诺	illegal
供应开山刀	illegal
供应开锁器	illegal
供应开锁枪	illegal
供应异丁腈	illegal
供应弓nu	illegal
供应弹簧刀	illegal
供应强暴药	illegal,drugs
供应战术刀	illegal
供应户口本	illegal
供应手拉狗	illegal
供应手拉鸡	illegal
供应手木仓	illegal
供应掌心雷	illegal
供应摇头丸	illegal,drugs
供应摇头糖	illegal
供应敌恶磷	illegal
供应敌敌畏	illegal
供应敌杀磷	illegal
供应敌蝇威	illegal
供应散弹枪	illegal
供应散弹狗	illegal
供应斩马刀	illegal
供应无水肼	illegal
供应杀它仗	illegal
供应杜冷丁	illegal
供应植物冰	illegal,drugs
供应毒杀芬	illegal
供应毒菌锡	illegal
供应毒鼠强	illegal
供应毕业证	illegal
供应气动狗	illegal
供应气弹枪	illegal
供应气木仓	illegal
供应气枪弹	illegal
供应气步枪	illegal
供应气短狗	illegal
供应气长狗	illegal
供应氟乙酸	illegal,drugs
供应氟化硼	illegal,drugs
供应氟醋酸	illegal,drugs
供应氢氰酸	illegal
供应氧化铊	illegal
供应氯乙酸	illegal
供应氯化锑	illegal
供应氯磺酸	illegal
供应氯胺酮	illegal,drugs
供应氰化汞	illegal
供应氰化物	illegal
供应氰化钙	illegal
供应氰化钠	illegal
供应氰化钾	illegal
供应氰化铊	illegal
供应氰化银	illegal
供应氰化镉	illegal
供应水果冰	illegal,drugs
供应汽动狗	illegal
供应汽步枪	illegal
供应汽长狗	illegal
供应沙菲片	illegal
供应法尼林	illegal
供应海乐神	illegal
供应海洛因	illegal,drugs
供应灭害威	illegal
供应灭蚜胺	illegal,drugs
供应烯丙胺	illegal,drugs
供应牙签冰	illegal,drugs
供应狙击弩	illegal
供应狩猎弩	illegal
供应猎木仓	illegal
供应田乐磷	illegal
供应甲基碘	illegal,drugs
供应甲基肼	illegal,drugs
供应电警棍	illegal
供应电雷管	illegal
供应白牙签	illegal
供应盐酸氯	illegal
供应真发票	illegal
供应砷化氢	illegal
供应砷酸汞	illegal
供应硝酸汞	illegal
供应硝酸铊	illegal
供应硫酸铊	illegal
供应碘化氰	illegal
供应碘化钠	illegal
供应碘甲烷	illegal
供应碳酰氯	illegal
供应碳酸铊	illegal
供应磷化锌	illegal
供应礼花弹	illegal
供应神仙水	illegal
供应神仙糖	illegal
供应秃鹰枪	illegal
供应秦氏弩	illegal
供应立克命	illegal
供应红矾钠	illegal
供应红降汞	illegal
供应罂粟壳	illegal
供应美沙酮	illegal,drugs
供应羰基铁	illegal
供应羰基镍	illegal
供应肾qq	illegal
供应胡椒醛	illegal
供应致癌药	illegal,drugs
供应花青甙	illegal
供应苯3酚	illegal,drugs
供应荷兰水	illegal
供应藜芦碱	illegal
供应蝇毒磷	illegal
供应蝴蝶刀	illegal
供应行驶证	illegal
供应西力生	illegal
供应警官服	illegal
供应警官证	illegal
供应警察证	illegal
供应记者证	illegal
供应赌博药	illegal,drugs,gambling
供应赭曲毒	illegal
供应赵氏弩	illegal
供应身份证	illegal
供应进口弩	illegal
供应迷幻水	illegal,drugs
供应迷幻药	illegal,drugs
供应迷情水	illegal,porn
供应迷情粉	illegal,drugs,porn
供应迷情药	illegal,drugs,porn
供应迷昏药	illegal,drugs
供应迷晕药	illegal,drugs
供应迷魂粉	illegal,drugs
供应酣乐欣	illegal
供应醋酸汞	illegal
供应醋酸铊	illegal
供应野战刀	illegal
供应钢珠弩	illegal
供应钢珠枪	illegal
供应钢珠狗	illegal
供应钻石冰	illegal,drugs
供应银行卡	illegal
供应锇酸酐	illegal
供应长治筋	illegal
供应阳江刀	illegal
供应青蒿素	illegal
供应驾驶证	illegal
供应高仿证	illegal
供应高压狗	illegal
供应高哌啶	illegal
供应麦角胺	illegal,drugs
供应麦角酸	illegal
供应麦角醇	illegal
供应麻醉枪	illegal
供应麻醉箭	illegal
供应麻黄碱	illegal
供应麻黄素	illegal,drugs
供应黄体酮	illegal,drugs
供应黄牙签	illegal
供应黄麻素	illegal
供应黎城面	illegal
供应黑火药	illegal,drugs
供应黑索金	illegal
供应黑鹰弩	illegal
假发票qq	illegal
假发票专卖	illegal
假发票出售	illegal
假发票批发	illegal
假发票销售	illegal
假币假钞q	illegal
假币免定金	illegal
假文凭供应	illegal
假文凭批发	illegal
假硬币qq	illegal
假硬币买卖	illegal
假硬币供应	illegal
假硬币批发	illegal
假硬币直销	illegal
假硬币销售	illegal
假结婚证q	illegal
假证书代办	illegal
假证书出售	illegal
假证件供应	illegal
假证件出售	illegal
假证件提供	illegal
假证办理网	illegal
假钞卖qq	illegal
假钞换真钱	illegal
假钞销售网	illegal
做会计师证	illegal
做假结婚证	illegal
做假身份证	illegal
做学历证书	illegal
做毕业证书	illegal
做资质证书	illegal
催情水出售	illegal,porn
催情水销售	illegal,porn
催情液专卖	illegal,porn
催情液买卖	illegal,porn
催情液供应	illegal,porn
催情液批发	illegal,porn
催情液直销	illegal,porn
催情液购买	illegal,porn
催情液销售	illegal,porn
催情粉专卖	illegal,drugs,porn
催情粉出售	illegal,drugs,porn
催情药专卖	illegal,drugs,porn
催情药供应	illegal,drugs,porn
克隆警官证	illegal
免考驾驶证	illegal
免费刷q币	illegal
兰博刀专卖	illegal,gambling
关证人禁闭	illegal
冰du出售	illegal,drugs
冰k粉出售	illegal,drugs
冰毒出售q	illegal,drugs
冰牙签qq	illegal,drugs
冰牙签专卖	illegal,drugs
冰牙签供应	illegal,drugs
冰牙签销售	illegal,drugs
冰钻石qq	illegal,drugs
冰钻石出售	illegal,drugs
冰麻古出售	illegal,drugs
冰麻古销售	illegal,drugs
冷兵器专卖	illegal
冷钢刀出售	illegal
冷钢刀批发	illegal
冷钢刀直销	illegal
冷钢刀销售	illegal
出售2手弩	illegal
出售38枪	illegal
出售3唑仑	illegal
出售3唑伦	illegal
出售3棱刀	illegal
出售3棱刺	illegal
出售54式	illegal
出售64式	illegal
出售77式	illegal
出售92式	illegal
出售bb弹	illegal
出售bb枪	illegal
出售fa票	illegal
出售ppk	illegal
出售qi枪	illegal
出售qi狗	illegal
出售tnt	illegal
出售x卧底	illegal
出售丛林刀	illegal
出售两用弩	illegal
出售人民币	illegal
出售仿真枪	illegal
出售作弊器	illegal
出售信用卡	illegal
出售借记卡	illegal
出售假bi	illegal
出售假学历	illegal
出售假护照	illegal
出售假文凭	illegal
出售假硬币	illegal
出售假证书	illegal
出售假钞票	illegal
出售储蓄卡	illegal
出售催情水	illegal,porn
出售兰博刀	illegal,gambling
出售冰du	illegal,drugs
出售冰牙签	illegal,drugs
出售冷兵器	illegal
出售古柯叶	illegal
出售可卡因	illegal,drugs
出售同学录	illegal
出售听话药	illegal,drugs
出售呋替啶	illegal
出售咖啡因	illegal
出售咖啡碱	illegal
出售土仿狗	illegal
出售土手枪	illegal
出售土炸弹	illegal
出售土炸药	illegal,drugs
出售大猎刀	illegal
出售失忆水	illegal
出售失忆药	illegal,drugs
出售失意粉	illegal,drugs
出售失身水	illegal
出售安纳咖	illegal
出售导火索	illegal
出售导爆索	illegal
出售小飞狼	illegal
出售小飞虎	illegal
出售左轮枪	illegal
出售巴雷特	illegal
出售开心水	illegal
出售开锁器	illegal
出售开锁枪	illegal
出售弓nu	illegal
出售弹簧刀	illegal
出售成品冰	illegal,drugs
出售手拉狗	illegal
出售手拉鸡	illegal
出售手木仓	illegal
出售手榴弹	illegal
出售打死跌	illegal
出售打猎枪	illegal
出售折叠刀	illegal
出售护士证	illegal
出售掌心雷	illegal
出售摇头丸	illegal,drugs
出售摇头糖	illegal
出售改号器	illegal
出售散弹枪	illegal
出售散弹狗	illegal
出售曲马多	illegal
出售朝鲜冰	illegal,drugs
出售枪qq	illegal
出售此号靠	illegal
出售武士刀	illegal
出售残疾证	illegal
出售毕业证	illegal
出售气动枪	illegal
出售气动狗	illegal
出售气弹枪	illegal
出售气手枪	illegal
出售气手狗	illegal
出售气木仓	illegal
出售气枪阀	illegal
出售气步枪	illegal
出售气狙狗	illegal
出售氯氨酮	illegal,drugs
出售氯胺酮	illegal,drugs
出售氯苯基	illegal,drugs
出售氰化铊	illegal
出售水晶冰	illegal,drugs
出售水果冰	illegal,drugs
出售汽动狗	illegal
出售汽木仓	illegal
出售汽枪弹	illegal
出售汽步枪	illegal
出售沙菲片	illegal
出售海洛因	illegal,drugs
出售火药枪	illegal,drugs
出售烟雾弹	illegal
出售热武器	illegal
出售爆破剂	illegal
出售狙击弩	illegal
出售狙击枪	illegal
出售狩猎刀	illegal
出售狩猎弩	illegal
出售狩猎枪	illegal
出售猎l枪	illegal
出售猎木仓	illegal
出售猎豹弩	illegal
出售电击枪	illegal
出售电动鸡	illegal
出售电警棍	illegal
出售电雷管	illegal
出售白冰糖	illegal,drugs
出售白牙冰	illegal,drugs
出售白牙签	illegal
出售眼角膜	illegal
出售神符靠	illegal
出售秃鹰管	illegal
出售秦氏弩	illegal
出售罂粟碱	illegal
出售网银卡	illegal
出售美沙酮	illegal,drugs
出售考试题	illegal
出售职称证	illegal
出售肾qq	illegal
出售胡椒醛	illegal
出售自制枪	illegal
出售致癌药	illegal,drugs
出售虎牙刀	illegal
出售蜘蛛刀	illegal
出售蝇毒磷	illegal
出售蝴蝶刀	illegal
出售警官证	illegal
出售警察徽	illegal
出售警察证	illegal
出售账号靠	illegal
出售资格正	illegal
出售赛洛新	illegal
出售走私狗	illegal
出售起爆器	illegal
出售身份证	illegal
出售进口枪	illegal
出售迷幻水	illegal,drugs
出售迷幻药	illegal,drugs
出售迷昏药	illegal,drugs
出售迷魂烟	illegal
出售酣乐欣	illegal
出售野战刀	illegal
出售钢珠弩	illegal
出售钢珠枪	illegal
出售钻石冰	illegal,drugs
出售铅弹枪	illegal
出售铅弹狗	illegal
出售银行卡	illegal
出售锡锋枪	illegal
出售长治筋	illegal
出售阳江刀	illegal
出售阻击枪	illegal
出售风城枪	illegal
出售驾驶证	illegal
出售骨髓源	illegal
出售高仿枪	illegal
出售高仿证	illegal
出售高压狗	illegal
出售麦角胺	illegal,drugs
出售麦角酸	illegal
出售麦角醇	illegal
出售麻醉枪	illegal
出售麻雷子	illegal
出售麻黄碱	illegal
出售麻黄素	illegal,drugs
出售黄体酮	illegal,drugs
出售黄牙冰	illegal,drugs
出售黄牙签	illegal
出售黄麻素	illegal
出售黎城面	illegal
出售黑火药	illegal,drugs
出售黑鹰弩	illegal
刀具专卖店	illegal
刀具专卖网	illegal
刀具交易网	illegal
刀具直销网	illegal
刀剑批发网	illegal
制作假证书	illegal
制作燃烧弹	illegal
制幻剂出售	illegal
刺刀专卖网	illegal
刻章办假证	illegal
办46级证	illegal
办会计证q	illegal
办假学历证	illegal
办假学生证	illegal
办假导游证	illegal
办假房产证	illegal
办假文凭证	illegal
办假毕业证	illegal
办假离婚证	illegal
办假结婚证	illegal
办假警官证	illegal
办假警察证	illegal
办假证qq	illegal
办假证件q	illegal
办假身份证	illegal
办学位证q	illegal
办理会计证	illegal
办理假证件	illegal
办理国安证	illegal
办理士兵证	illegal
办理学位证	illegal
办理学生证	illegal
办理工作证	illegal
办理律师证	illegal
办理毕业证	illegal
办理离婚证	illegal
办理行驶证	illegal
办理警员证	illegal
办理警官证	illegal
办理警察证	illegal
办理记者证	illegal
办理资格证	illegal
办理身份证	illegal
办理驾驶证	illegal
办理高仿证	illegal
办真毕业证	illegal
办证公司网	illegal
办证刻公章	illegal
办证工作室	illegal
办高仿证件	illegal
加骚妹qq	illegal,porn
匕首专卖店	illegal
匕首专卖网	illegal
化学冰供应	illegal,drugs
医师资格证	illegal
医院不差钱	illegal
升达毕业证	illegal
卖3唑仑片	illegal
卖3箭汽枪	illegal
卖64手枪	illegal
卖92手枪	illegal
卖b发论公	illegal
卖k粉qq	illegal,drugs
卖k粉手机	illegal,drugs
卖k粉电话	illegal,drugs
卖qq号码	illegal
卖业主信息	illegal
卖乙醚qq	illegal
卖乙醚手机	illegal
卖乙醚电话	illegal
卖仿真手枪	illegal
卖仿真枪模	illegal
卖会计师证	illegal
卖假人民币	illegal
卖假币qq	illegal
卖假户口本	illegal
卖假结婚证	illegal
卖假身份证	illegal
卖冰毒qq	illegal,drugs
卖冰毒手机	illegal,drugs
卖冰毒电话	illegal,drugs
卖冰砖qq	illegal,drugs
卖冰砖手机	illegal,drugs
卖冰砖电话	illegal,drugs
卖冰钻qq	illegal,drugs
卖冰钻手机	illegal,drugs
卖冰钻电话	illegal,drugs
卖合成k粉	illegal,drugs
卖国外文凭	illegal
卖学历证书	illegal
卖左轮手枪	illegal
卖毕业文凭	illegal
卖毕业证书	illegal
卖白粉qq	illegal,drugs
卖白粉手机	illegal,drugs
卖白粉电话	illegal,drugs
卖真身份证	illegal
卖秃鹰汽枪	illegal
卖考前答案	illegal
卖肝源qq	illegal
卖肝脏qq	illegal
卖肾源qq	illegal
卖肾脏qq	illegal
卖虎头双管	illegal
卖角膜qq	illegal
卖财务发票	illegal
卖资质证书	illegal
卖车辆牌照	illegal
卖进口汽狗	illegal
卖金钟气枪	illegal
卖钻石qq	illegal
卖铅弹气枪	illegal
卖骨髓收肾	illegal
卖高压气枪	illegal
卖高考答案	illegal
卖麻古qq	illegal
卖麻古手机	illegal
卖麻古电话	illegal
卖麻果qq	illegal
卖麻谷qq	illegal
卖麻谷手机	illegal
卖麻谷电话	illegal
博彩qq群	illegal,gambling
原子弹制作	illegal
原子弹配方	illegal
原砷酸供应	illegal
原装双管枪	illegal
古柯碱供应	illegal,drugs
可卡因qq	illegal,drugs
可卡因专卖	illegal,drugs
可卡因买卖	illegal,drugs
可卡因供应	illegal,drugs
可卡因出售	illegal,drugs
可卡因直销	illegal,drugs
可卡因购买	illegal,drugs
可卡因销售	illegal,drugs
可待因供应	illegal
可待因出售	illegal
可待因批发	illegal
可待因销售	illegal
可怜卖菜妇	illegal
台湾版假币	illegal
台湾精仿枪	illegal
台湾身份证	illegal
名刀网出售	illegal
听话水专卖	illegal
听话水出售	illegal
听话水销售	illegal
听话药买卖	illegal,drugs
听话药供应	illegal,drugs
听话药出售	illegal,drugs
听话药批发	illegal,drugs
听话药购买	illegal,drugs
听话药销售	illegal,drugs
咖啡因供应	illegal
咖啡因购买	illegal
哌甲酯出售	illegal
哪有迷药卖	illegal,drugs
唐刀专卖网	illegal
售1元硬币	illegal
售会计师证	illegal
售假结婚证	illegal
售假身份证	illegal
售假钞qq	illegal
售各式气枪	illegal
售学历证书	illegal
售手枪qq	illegal
售毕业证书	illegal
售考前答案	illegal
售考试答案	illegal
售资质证书	illegal
喵喵药供应	illegal,drugs
喵喵药出售	illegal,drugs
喵喵药批发	illegal,drugs
喵喵药直销	illegal,drugs
团购赵氏弩	illegal
土炸弹qq	illegal
土炸药销售	illegal,drugs
在家能赚钱	illegal
地西泮供应	illegal
地西泮出售	illegal
地西泮购买	illegal
地西泮销售	illegal
地高辛供应	illegal
地高辛批发	illegal
地高辛直销	illegal
地高辛销售	illegal
多少钱1夜	illegal,porn
大冰砖专卖	illegal,drugs
大冰砖出售	illegal,drugs
大冰砖销售	illegal,drugs
大学不要钱	illegal
大栅栏持刀	illegal
大猎刀出售	illegal
大赢家赚钱	illegal,gambling
大马士革刀	illegal
大黑鹰买卖	illegal
大黑鹰供应	illegal
大黑鹰销售	illegal
天上导弹乱	illegal
太阳城真钱	illegal
失忆水专卖	illegal
失忆水供应	illegal
失忆水购买	illegal
失忆水销售	illegal
失忆粉供应	illegal,drugs
失忆粉批发	illegal,drugs
失忆粉直销	illegal,drugs
失忆粉购买	illegal,drugs
失意粉供应	illegal,drugs
失意粉出售	illegal,drugs
失意粉销售	illegal,drugs
失身水出售	illegal
失身水销售	illegal
套号毕业证	illegal
套牌车专卖	illegal
奶油冰买卖	illegal,drugs,porn
奶油冰供应	illegal,drugs,porn
奶油冰出售	illegal,drugs,porn
奶油冰批发	illegal,drugs,porn
奶油冰直销	illegal,drugs,porn
奶油冰购买	illegal,drugs,porn
奶油冰销售	illegal,drugs,porn
学位证出售	illegal
学位证制作	illegal
学位证办理	illegal
学位证销售	illegal
学历证书班	illegal
学历证办理	illegal
安纳咖出售	illegal
安钠咖供应	illegal
安钠咖出售	illegal
安钠咖销售	illegal
导爆索出售	illegal
导爆索批发	illegal
导爆索销售	illegal
射钉弹改装	illegal,porn
射钉枪改气	illegal,porn
射钉枪改装	illegal,porn
小冰砖qq	illegal,drugs
小冰砖买卖	illegal,drugs
小冰砖出售	illegal,drugs
小冰砖销售	illegal,drugs
小口径汽枪	illegal
小姐多少钱	illegal,porn
尼泊尔弯刀	illegal
山奈钾买卖	illegal
山奈钾供应	illegal
山奈钾批发	illegal
山猪气手枪	illegal
工字气枪网	illegal
廓尔喀弯刀	illegal
开他敏直销	illegal
开山刀买卖	illegal
开山刀供应	illegal
开山刀出售	illegal
开山刀批发	illegal
开山刀直销	illegal
开山刀订购	illegal
开山刀销售	illegal
开心水供应	illegal
开心水出售	illegal
开心水销售	illegal
开锁器出售	illegal
开锁器批发	illegal
开锁器直销	illegal
开锁器销售	illegal
异丁腈供应	illegal
异丁腈批发	illegal
异丁腈直销	illegal
异丁腈销售	illegal
弓nu买卖	illegal
弓nu供应	illegal
弓nu销售	illegal
弓弩专卖店	illegal
弓弩专卖网	illegal
弓弩买卖网	illegal
弓弩器材网	illegal
弓弩宣传网	illegal
弓弩狩猎网	illegal
弓弩直销网	illegal
弓弩麻醉箭	illegal
弓弩麻醉针	illegal
弓弩麻醉镖	illegal
弓月薰种子	illegal,porn
引爆器供应	illegal
弩用麻醉箭	illegal
弩设备专卖	illegal
弹制作方法	illegal
弹簧刀专卖	illegal
弹簧刀买卖	illegal
弹簧刀出售	illegal
弹簧刀匕首	illegal
弹簧刀批发	illegal
弹簧刀提供	illegal
弹簧刀直销	illegal
弹簧刀订购	illegal
弹簧刀转让	illegal
弹簧狗出售	illegal
弹铗恨无肉	illegal,porn
强暴药供应	illegal,drugs
强暴药出售	illegal,drugs
强暴药批发	illegal,drugs
强暴药销售	illegal,drugs
律师证办理	illegal
快乐丸出售	illegal
性服务qq	illegal,porn
恶搞人民币	illegal
成品冰出售	illegal,drugs
成品冰销售	illegal,drugs
战术狗腿刀	illegal
户外刀专卖	illegal
手工弩出售	illegal
手工弩销售	illegal
手工猎刀专	illegal
手拉狗专卖	illegal
手拉狗供应	illegal
手拉狗出售	illegal
手拉狗批发	illegal
手拉狗直销	illegal
手拉狗购买	illegal
手拉狗销售	illegal
手拉鸡专卖	illegal
手拉鸡买卖	illegal
手拉鸡出售	illegal
手拉鸡直销	illegal
手拉鸡销售	illegal
手木仓qq	illegal
手木仓专卖	illegal
手木仓转让	illegal
手木仓销售	illegal
手枪制作图	illegal
手枪气枪猎	illegal
手枪的结构	illegal
手枪销售网	illegal
手枪阻击枪	illegal
手狗专卖网	illegal
打牌药出售	illegal,drugs
打牌药销售	illegal,drugs
打鸟枪批发	illegal
打鸟枪提供	illegal
打鸟枪购买	illegal
批发3唑仑	illegal
批发tnt	illegal
批发丙烯醛	illegal
批发丛林刀	illegal
批发乌头碱	illegal
批发乖乖水	illegal
批发乙烯砜	illegal
批发乙硼烷	illegal
批发乙酸汞	illegal
批发仿真枪	illegal
批发假发票	illegal
批发假硬币	illegal
批发催情液	illegal,porn
批发兰博刀	illegal,gambling
批发冰牙签	illegal,drugs
批发卡西酮	illegal,drugs
批发反恐弩	illegal
批发古柯叶	illegal
批发古柯碱	illegal,drugs
批发可卡因	illegal,drugs
批发可可精	illegal
批发可待因	illegal
批发听话药	illegal,drugs
批发喵喵药	illegal,drugs
批发地西泮	illegal
批发地高辛	illegal
批发失忆水	illegal
批发失忆药	illegal,drugs
批发安眠酮	illegal,drugs
批发安纳咖	illegal
批发安钠咖	illegal
批发小冰砖	illegal,drugs
批发山奈钾	illegal
批发开山刀	illegal
批发开心水	illegal
批发异丁腈	illegal
批发弓nu	illegal
批发弹簧刀	illegal
批发强奸水	illegal,porn
批发手拉狗	illegal
批发打鸟枪	illegal
批发折叠刀	illegal
批发拍肩粉	illegal,drugs
批发拍肩药	illegal,drugs
批发敌恶磷	illegal
批发敌杀磷	illegal
批发散弹枪	illegal
批发曲马多	illegal
批发植物冰	illegal,drugs
批发气动狗	illegal
批发气手枪	illegal
批发气木仓	illegal
批发气步枪	illegal
批发气短狗	illegal
批发气长狗	illegal
批发氧化汞	illegal
批发氯乙酸	illegal
批发氯化钾	illegal
批发氯磺酸	illegal
批发氰化汞	illegal
批发氰化钙	illegal
批发氰化钾	illegal
批发水晶冰	illegal,drugs
批发水果冰	illegal,drugs
批发水银汞	illegal
批发求生刀	illegal
批发汽动狗	illegal
批发汽步枪	illegal
批发汽短狗	illegal
批发汽长狗	illegal
批发海乐神	illegal
批发海洛因	illegal,drugs
批发溴化汞	illegal
批发烯丙胺	illegal,drugs
批发牙签冰	illegal,drugs
批发狙击弩	illegal
批发狙击枪	illegal
批发狩猎刀	illegal
批发狩猎弩	illegal
批发甲基肼	illegal,drugs
批发白牙签	illegal
批发砷化氢	illegal
批发硫酸铊	illegal
批发碘甲烷	illegal
批发碳酰氯	illegal
批发磷化锌	illegal
批发礼花弹	illegal
批发秃鹰枪	illegal
批发秃鹰管	illegal
批发秦氏弩	illegal
批发红矾钠	illegal
批发红降汞	illegal
批发美沙酮	illegal,drugs
批发羟亚胺	illegal,drugs
批发羰基氟	illegal,drugs
批发胡椒醛	illegal
批发膛线管	illegal
批发虎牙刀	illegal
批发蝇毒磷	illegal
批发蝴蝶刀	illegal
批发警察徽	illegal
批发警察证	illegal
批发警用品	illegal
批发赛洛新	illegal
批发赵氏弩	illegal
批发起爆药	illegal,drugs
批发连发枪	illegal
批发迷魂水	illegal
批发迷魂粉	illegal,drugs
批发酣乐欣	illegal
批发醋酸汞	illegal
批发野战刀	illegal
批发金属铊	illegal
批发钢珠弩	illegal
批发钢珠狗	illegal
批发钻石冰	illegal,drugs
批发银行卡	illegal
批发长治筋	illegal
批发阳江刀	illegal
批发青蒿素	illegal
批发麦角醇	illegal
批发麻古粉	illegal,drugs
批发麻黄碱	illegal
批发麻黄素	illegal,drugs
批发黄麻素	illegal
